Product,Price,Brand,Core,RAM,ScrSize,GraphicCard,Drive_Type,Capacity,OperSystem,Weight,Madein,Since,Shop,URL
Laptop Acer TravelMate B3 TMB311 31 C2HB N4020/4GB/128GB/Win11 (NX.VNFSV.006),5490000,Acer,Intel Celeron,4,11.6,Card tích hợp - Intel UHD Graphics 600,SSD,128 GB SSD M2 PCIe,Windows 11 Home SL,1.4,,2021,Dienmayxanh,https://www.dienmayxanh.com/laptop/acer-travelmate-b3-tmb311-31-c2hb-nxvnfsv006
Laptop Apple MacBook Air M1 2020 8GB/256GB/7-core GPU (MGND3SA/A),27490000,MacBook,Apple M1,8,13.3,Card tích hợp - 7 nhân GPU,SSD,256 GB SSD,Mac OS,1.29,,2020,Dienmayxanh,https://www.dienmayxanh.com/laptop/apple-macbook-air-2020-mgn63saa
Laptop MacBook Pro 14 M1 Pro 2021 8-core CPU/16GB/512GB/14-core GPU (MKGR3SA/A),,MacBook,Apple M1 Pro,16,14.2,Card tích hợp - 14 nhân GPU,SSD,512 GB SSD,Mac OS,1.6,,10/2021,Dienmayxanh,https://www.dienmayxanh.com/laptop/macbook-pro-14-m1-pro-2021-8-core-cpu
Laptop Asus TUF Gaming FX506LHB i5 10300H/8GB/512GB/4GB GTX1650/144Hz/Win11 (HN188W),20990000,Asus,Intel Core i5 Comet Lake,8,15.6,Card rời - NVIDIA GeForce GTX 1650 4 GB,SSD,"512 GB SSD NVMe PCIe (Có thể tháo ra, lắp thanh khác tối đa 1 TB)",Windows 11 Home SL,2.3,,2021,Dienmayxanh,https://www.dienmayxanh.com/laptop/asus-tuf-gaming-fx506lhb-i5-hn188w
Laptop Apple MacBook Air M2 2022 8GB/256GB/8-core GPU (MLXW3SA/A),32990000,MacBook,Intel Core i5 Comet Lake,8,13.6,Card tích hợp - 8 nhân GPU,SSD,256 GB SSD,Mac OS,1.24,,6/2022,Dienmayxanh,https://www.dienmayxanh.com/laptop/apple-macbook-air-m2-2022
Laptop HP 240 G8 i3 1005G1/4GB/512GB/Win11 (617K6PA),13790000,HP,Intel Core i3 Ice Lake,4,14,Card tích hợp - Intel UHD Graphics,SSD,512 GB SSD NVMe PCIe,Windows 11 Home SL,1.47,,2022,Dienmayxanh,https://www.dienmayxanh.com/laptop/hp-240-g8-i3-617k6pa
Laptop Lenovo Yoga Duet 7 13ITL6 i7 1165G7/16GB/1TB SSD/Touch/Pen/Win10 (82MA003UVN),26990000,Lenovo,Intel Core i7 Tiger Lake,16,13,Card tích hợp - Intel Iris Xe Graphics,SSD,1 TB SSD,Windows 10 Home SL,1.168,,2022,Dienmayxanh,https://www.dienmayxanh.com/laptop/lenovo-yoga-duet-7-13itl6-i7-82ma003uvn
Laptop Acer Nitro 5 Gaming AN515 57 54MV i5 11400H/8GB/512GB/4GB RTX3050/144Hz/Win11 (NH.QENSV.003),26490000,Acer,Intel Core i5 Tiger Lake,8,15.6,"Card rời - NVIDIA GeForce RTX 3050, 4 GB",SSD,"512 GB SSD NVMe PCIe (Có thể tháo ra, lắp thanh khác tối đa 1 TB)",Windows 11 Home SL,2.2,,2021,Dienmayxanh,https://www.dienmayxanh.com/laptop/acer-nitro-5-gaming-an515-57-54mv-i5-nhqensv003
Laptop Dell Gaming G15 5515 R5 5600H/8GB/256GB/4GB RTX3050/120Hz/OfficeHS/Win11 (P105F004CGR),19990000,Dell,AMD Ryzen 5,8,15.6,"Card rời - NVIDIA GeForce RTX3050, 4 GB",SSD,"256 GB SSD NVMe PCIe (Có thể tháo ra, lắp thanh khác tối đa 2TB (2280) / 1TB (2230))",Windows 11 Home SL + Office Home & Student vĩnh viễn,2.8,,2021,Dienmayxanh,https://www.dienmayxanh.com/laptop/dell-gaming-g15-5515-r5-p105f004cgr
Laptop Asus VivoBook 15X OLED A1503ZA i5 12500H/8GB/512GB/Win11 (L1290W),19590000,Asus,AMD Ryzen 5,8,15.6,Card tích hợp - Intel UHD Graphics (Iris Xe Graphics chỉ hoạt động với RAM kênh đôi),SSD,"512 GB SSD NVMe PCIe (Có thể tháo ra, lắp thanh khác không giới hạn dung lượng)",Windows 11 Home SL,1.7,,2022,Dienmayxanh,https://www.dienmayxanh.com/laptop/asus-vivobook-15x-oled-a1503za-i5-l1290w
Laptop HP 15s fq2662TU i3 1115G4/4GB/256GB/Win11 (6K795PA),11210000,HP,Intel Core i3 Tiger Lake,4,15.6,Card tích hợp - Intel UHD Graphics,SSD,"256 GB SSD NVMe PCIe (Có thể tháo ra, lắp thanh khác tối đa 1 TB)",Windows 11 Home SL,1.7,,2022,Dienmayxanh,https://www.dienmayxanh.com/laptop/hp-15s-fq2662tu-i3-6k795pa
Laptop Lenovo Ideapad 3 15ITL6 i3 1115G4/8GB/512GB/Win11 (82H801NEVN),10990000,Lenovo,Intel Core i3 Tiger Lake,8,15.6,Card tích hợp - Intel UHD Graphics,SSD,"512 GB SSD NVMe PCIe (Có thể tháo ra, lắp thanh khác tối đa 1 TB (2280) / 512 GB (2242))",Windows 11 Home SL,1.65,,2021,Dienmayxanh,https://www.dienmayxanh.com/laptop/lenovo-ideapad-3-15itl6-i3-82h801nevn
Laptop HP VICTUS 16 d0292TX i5 11400H/8GB/512GB/4GB RTX3050Ti/144Hz/Win11 (5Z9R3PA),26590000,HP,Intel Core i5 Tiger Lake,8,16.1,"Card rời - NVIDIA GeForce RTX3050Ti, 4 GB",SSD,Hỗ trợ thêm 1 khe cắm SSD M.2 PCIe mở rộng (nâng cấp tối đa 1 TB),Windows 11 Home SL,2.46,,2022,Dienmayxanh,https://www.dienmayxanh.com/laptop/hp-victus-16-d0292tx-i5-5z9r3pa
Laptop Acer Aspire 7 Gaming A715 42G R4XX R5 5500U/8GB/256GB/4GB GTX1650/Win11 (NH.QAYSV.008),15990000,Acer,AMD Ryzen 5,8,15.6,Card rời - NVIDIA GeForce GTX 1650 4 GB,SSD,Hỗ trợ thêm 1 khe cắm SSD M.2 PCIe mở rộng (nâng cấp tối đa 1 TB),Windows 11 Home SL,2.1,,2021,Dienmayxanh,https://www.dienmayxanh.com/laptop/acer-aspire-7-gaming-a715-42g-r4xx-r5-nhqaysv008
Laptop Dell Inspiron 15 3511 i3 1115G4/4GB/256GB/Office H&S/Win11 (P112F001CBL),12690000,Dell,Intel Core i3 Tiger Lake,4,15.6,Card tích hợp - Intel UHD Graphics,SSD,"256 GB SSD NVMe PCIe (Có thể tháo ra, lắp thanh khác tối đa 2TB (2280) / 1TB (2230))",Windows 11 Home SL + Office Home & Student vĩnh viễn,1.7,,2021,Dienmayxanh,https://www.dienmayxanh.com/laptop/dell-inspiron-15-3511-i3-p112f001cbl
Laptop HP Envy 13 ba1535TU i7 1165G7/8GB/512GB/Win11 (4U6M4PA),23590000,HP,Intel Core i7 Tiger Lake,8,13.3,Card tích hợp - Intel Iris Xe Graphics,SSD,"512 GB SSD NVMe PCIe (Có thể tháo ra, lắp thanh khác tối đa 2 TB (Gen 3) / 1 TB (Gen 4))",Windows 11 Home SL,1.3,,2021,Dienmayxanh,https://www.dienmayxanh.com/laptop/hp-envy-13-ba1535tu-i7-4u6m4pa
Laptop Lenovo Ideapad 3 15IAU7 i3 1215U/8GB/256GB/Win11 (82RK005LVN),11990000,Lenovo,Intel Core i7 Tiger Lake,8,15.6,Card tích hợp - Intel UHD Graphics,SSD,"256 GB SSD NVMe PCIe (Có thể tháo ra, lắp thanh khác tối đa 1 TB)",Windows 11 Home SL,1.63,,2022,Dienmayxanh,https://www.dienmayxanh.com/laptop/lenovo-ideapad-3-15iau7-i3-82rk005lvn
Laptop itel ABLE 1S N4020/4GB/256GB/Win11 (71006300027),6090000,itel,Intel Celeron,4,14,Card tích hợp - Intel UHD Graphics 600,SSD,256 GB SSD M.2 SATA 3 (Có thể tháo ra lắp thanh khác tối đa 1 TB),Windows 11 Home SL,1.4,,2021,Dienmayxanh,https://www.dienmayxanh.com/laptop/itel-able-1s-n4020-71006300027
Laptop Dell Vostro 3510 i5 1135G7/8GB/512GB/2GB MX350/OfficeHS/Win11 (P112F002BBL),19990000,Dell,Intel Core i5 Tiger Lake,8,15.6,"Card rời - NVIDIA GeForce MX350, 2 GB",SSD,"512 GB SSD NVMe PCIe (Có thể tháo ra, lắp thanh khác tối đa 2 TB (2280) / 1 TB (2230))",Windows 11 Home SL + Office Home & Student vĩnh viễn,1.69,,2021,Dienmayxanh,https://www.dienmayxanh.com/laptop/dell-vostro-3510-i5-p112f002bbl
Laptop Asus ZenBook UX325EA i7 1165G7/16GB/512GB/Cáp/Túi/Win11 (KG658W),27190000,Asus,Intel Core i7 Tiger Lake,16,13.3,Card tích hợp - Intel Iris Xe Graphics,SSD,"512 GB SSD NVMe PCIe (Có thể tháo ra, lắp thanh khác tối đa 1 TB)",Windows 11 Home SL,1.14,,2021,Dienmayxanh,https://www.dienmayxanh.com/laptop/asus-zenbook-ux325ea-i7-kg658w
Laptop Lenovo Ideapad 5 15ITL05 i5 1135G7/8GB/512GB/Win11 (82FG01H7VN),15090000,Lenovo,Intel Core i5 Tiger Lake,8,15.6,Card tích hợp - Intel Iris Xe Graphics,SSD,"512 GB SSD NVMe PCIe (Có thể tháo ra, lắp thanh khác tối đa 1 TB (2280) / 512 GB (2242))",Windows 11 Home SL,1.66,,2021,Dienmayxanh,https://www.dienmayxanh.com/laptop/lenovo-ideapad-5-15itl05-i5-82fg01h7vn
Laptop Apple MacBook Pro M2 2022 8GB/256GB/10-core GPU (MNEH3SA/A),,MacBook,Intel Core i5 Tiger Lake,8,13.3,Card tích hợp - 10 nhân GPU,SSD,256 GB SSD,Mac OS,1.4,,6/2022,Dienmayxanh,https://www.dienmayxanh.com/laptop/apple-macbook-pro-13-inch-m2-2022
Laptop Dell Gaming G15 5511 i5 11400H/8GB/256GB/4GB RTX3050/120Hz/OfficeHS/Win11 (70266676),25890000,Dell,Intel Core i5 Tiger Lake,8,15.6,"Card rời - NVIDIA GeForce RTX 3050, 4 GB",SSD,"256 GB SSD NVMe PCIe (Có thể tháo ra, lắp thanh khác tối đa 2 TB (2280) / 512 GB (2230))",Windows 11 Home SL + Office Home & Student vĩnh viễn,2.81,,2021,Dienmayxanh,https://www.dienmayxanh.com/laptop/dell-gaming-g15-5511-i5-70266676
Laptop Dell Vostro 5410 i5 11320H/8GB/512GB/Office H&S/Win11 (V4I5214W1),21090000,Dell,Intel Core i5 Tiger Lake,8,14,Card tích hợp - Intel Iris Xe Graphics,SSD,"512 GB SSD NVMe PCIe (Có thể tháo ra, lắp thanh khác tối đa 1 TB)",Windows 11 Home SL + Office Home & Student vĩnh viễn,1.44,,2021,Dienmayxanh,https://www.dienmayxanh.com/laptop/dell-vostro-5410-i5-v4i5214w1
Laptop Lenovo Ideapad 3 15ITL6 i3 1115G4/8GB/256GB/Win11 (82H8005CVN),10290000,Lenovo,Intel Core i3 Tiger Lake,8,15.6,Card tích hợp - Intel UHD Graphics,SSD,"256 GB SSD NVMe PCIe (Có thể tháo ra, lắp thanh khác tối đa 1 TB (2280) / 512 GB (2242))",Windows 11 Home SL,1.65,,2021,Dienmayxanh,https://www.dienmayxanh.com/laptop/lenovo-ideapad-3-15itl6-i3-82h8005cvn
Laptop HP 15s fq5078TU i5 1235U/8GB/512GB/Win11 (6K798PA),18190000,HP,Intel Core i3 Tiger Lake,8,15.6,Card tích hợp - Intel Iris Xe Graphics,SSD,"512 GB SSD NVMe PCIe (Có thể tháo ra, lắp thanh khác tối đa 1 TB (Gen 3))",Windows 11 Home SL,1.69,,2022,Dienmayxanh,https://www.dienmayxanh.com/laptop/hp-15s-fq5078tu-i5-6k798pa
Laptop Acer Aspire 3 A315 58 52KT i5 1135G7/8GB/512GB/Win11 (NX.AM0SV.006),14990000,Acer,Intel Core i5 Tiger Lake,8,15.6,Card tích hợp - Intel Iris Xe Graphics,SSD,Hỗ trợ khe cắm HDD SATA (nâng cấp tối đa 2 TB),Windows 11 Home SL,1.7,,2021,Dienmayxanh,https://www.dienmayxanh.com/laptop/acer-aspire-3-a315-58-52kt-i5-nxam0sv006
Laptop Lenovo ThinkBook 14 G3 ACL R5 5500U/8GB/512GB/Win11 (21A200CPVN),13990000,Lenovo,AMD Ryzen 5,8,14,Card tích hợp - AMD Radeon Graphics,SSD,Hỗ trợ khe cắm HDD SATA 2.5 inch mở rộng (nâng cấp tối đa 2 TB),Windows 11 Home SL,1.4,,2022,Dienmayxanh,https://www.dienmayxanh.com/laptop/lenovo-thinkbook-14-g3-acl-r5-21a200cpvn
Laptop HP 340s G7 i3 1005G1/4GB/256GB/Win10 (240Q4PA),9490000,HP,Intel Core i3 Ice Lake,4,14,Card tích hợp - Intel UHD Graphics,SSD,Không hỗ trợ khe cắm HDD,Windows 10 Home SL,1.38,,2020,Dienmayxanh,https://www.dienmayxanh.com/laptop/hp-340s-g7-i3-240q4pa
Laptop Dell Inspiron 16 5620 i7 1255U/8GB/512GB/OfficeHS/Win11 (N6I7110W1),25190000,Dell,Intel Core i3 Ice Lake,8,16,Card tích hợp - Intel UHD Graphics (Iris Xe Graphics chỉ hoạt động với RAM kênh đôi),SSD,512 GB SSD NVMe PCIe,Windows 11 Home SL + Office Home & Student vĩnh viễn,1.87,,2022,Dienmayxanh,https://www.dienmayxanh.com/laptop/dell-inspiron-16-5620-i7-n6i7110w1
Laptop Asus TUF Gaming FX517ZC i5 12450H/8GB/512GB/4GB RTX3050/144Hz/Win11 (HN077W),28990000,Asus,Intel Core i3 Ice Lake,8,15.6,"Card rời - NVIDIA GeForce RTX 3050, 4 GB",SSD,Hỗ trợ thêm 1 khe cắm SSD M.2 PCIe mở rộng (nâng cấp tối đa 1 TB),Windows 11 Home SL,2,,2022,Dienmayxanh,https://www.dienmayxanh.com/laptop/asus-tuf-gaming-fx517zc-i5-hn077w
Laptop Lenovo Ideapad Gaming 3 15IAH7 i5 12500H/8GB/512GB/4GB RTX3050/120Hz/Win11 (82S9007TVN),23190000,Lenovo,Intel Core i3 Ice Lake,8,15.6,"Card rời - NVIDIA GeForce RTX3050, 4 GB",SSD,"512 GB SSD NVMe PCIe (Có thể tháo ra, lắp thanh khác tối đa 1 TB)",Windows 11 Home SL,2.315,,2022,Dienmayxanh,https://www.dienmayxanh.com/laptop/lenovo-ideapad-gaming-3-15iah7-i5-82s9007tvn
Laptop HP Pavilion 15 eg2056TU i5 1240P/8GB/512GB/Win11 (6K786PA),18990000,HP,Intel Core i3 Ice Lake,8,15.6,Card tích hợp - Intel Iris Xe Graphics,SSD,"512 GB SSD NVMe PCIe (Có thể tháo ra, lắp thanh khác tối đa 2 TB (Gen 3) / 1 TB (Gen 4))",Windows 11 Home SL,1.72,,2022,Dienmayxanh,https://www.dienmayxanh.com/laptop/hp-pavilion-15-eg2056tu-i5-6k786pa
Laptop Acer Aspire A514 54 511G i5 1135G7/8GB/1TB SSD/Win11 (NX.A28SV.009),17490000,Acer,Intel Core i5 Tiger Lake,8,14,Card tích hợp - Intel Iris Xe Graphics,SSD,Hỗ trợ khe cắm HDD SATA (nâng cấp tối đa 2 TB),Windows 11 Home SL,1.46,,2021,Dienmayxanh,https://www.dienmayxanh.com/laptop/acer-aspire-a514-54-511g-i5-nxa28sv009
Laptop Dell Vostro 5620 i5 1240P/8GB/256GB/OfficeHS/Win11 (V6I5001W1),22190000,Dell,Intel Core i5 Tiger Lake,8,16,Card tích hợp - Intel UHD Graphics (Iris Xe Graphics chỉ hoạt động với RAM kênh đôi),SSD,256 GB SSD NVMe PCIe,Windows 11 Home SL + Office Home & Student vĩnh viễn,1.97,,2022,Dienmayxanh,https://www.dienmayxanh.com/laptop/dell-vostro-5620-i5-v6i5001w1
Laptop Asus Vivobook 15 X1502ZA i5 1240P/8GB/512GB/Win11 (EJ120W),17590000,Asus,Intel Core i5 Tiger Lake,8,15.6,Card tích hợp - Intel UHD Graphics (Iris Xe Graphics chỉ hoạt động với RAM kênh đôi),SSD,"512 GB SSD NVMe PCIe (Có thể tháo ra, lắp thanh khác không giới hạn dung lượng)",Windows 11 Home SL,1.7,,2022,Dienmayxanh,https://www.dienmayxanh.com/laptop/asus-vivobook-15-x1502za-i5-ej120w
Laptop Asus VivoBook A415EA i5 1135G7/8GB/512GB/Win11 (AM1637W),16590000,Asus,Intel Core i5 Tiger Lake,8,14,Card tích hợp - Intel Iris Xe Graphics,SSD,"512 GB SSD NVMe PCIe (Có thể tháo ra, lắp thanh khác tối đa 1 TB)",Windows 11 Home SL,1.4,,2021,Dienmayxanh,https://www.dienmayxanh.com/laptop/asus-vivobook-a415ea-i5-am1637w
Laptop Asus ROG Strix Gaming G513IH R7 4800H/8GB/512GB/4GB GTX1650/144Hz/Win11 (HN015W),20190000,Asus,AMD Ryzen 7,8,15.6,Card rời - NVIDIA GeForce GTX 1650 4 GB,SSD,Hỗ trợ thêm 1 khe cắm SSD M.2 PCIe mở rộng (nâng cấp tối đa 1 TB),Windows 11 Home SL,2.1,,2021,Dienmayxanh,https://www.dienmayxanh.com/laptop/asus-rog-strix-gaming-g513ih-r7-hn015w
Laptop HP 240 G9 i5 1235U/8GB/512GB/Win11 (6L1Y2PA),18590000,HP,AMD Ryzen 7,8,14,Card tích hợp - Intel UHD Graphics (Iris Xe Graphics chỉ hoạt động với RAM kênh đôi),SSD,"512 GB SSD NVMe PCIe (Có thể tháo ra, lắp thanh khác tối đa 1 TB)",Windows 11 Home SL,1.47,,2022,Dienmayxanh,https://www.dienmayxanh.com/laptop/hp-240-g9-i5-6l1y2pa
Laptop Acer Aspire A315 56 32TP i3 1005G1/4GB/256GB/Win11 (NX.HS5SV.00K),11990000,Acer,Intel Core i3 Comet Lake,4,15.6,Card tích hợp - Intel UHD Graphics,SSD,"256 GB SSD NVMe PCIe (Có thể tháo ra, lắp thanh khác tối đa 512 GB)",Windows 11 Home SL,1.7,,2021,Dienmayxanh,https://www.dienmayxanh.com/laptop/acer-aspire-a315-56-32tp-i3-nxhs5sv00k
Laptop Asus VivoBook X415EA i3 1115G4/4GB/512GB/Win11 (EK1386W),10990000,Asus,Intel Core i3 Tiger Lake,4,14,Card tích hợp - Intel UHD Graphics,SSD,"256 GB SSD NVMe PCIe (Có thể tháo ra, lắp thanh khác tối đa 512 GB)",Windows 11 Home SL,1.6,,2021,Dienmayxanh,https://www.dienmayxanh.com/laptop/asus-vivobook-x415ea-i3-ek1386w
Laptop Dell XPS 13 Plus 9320 i7 1260P/16GB/512GB/Touch/Cáp/OfficeHS/Win11 (5CG56),59990000,Dell,Intel Core i3 Tiger Lake,16,13.4,Card tích hợp - Intel Iris Xe Graphics,SSD,512 GB SSD NVMe PCIe,Windows 11 Home SL + Office Home & Student vĩnh viễn,1.26,,2022,Dienmayxanh,https://www.dienmayxanh.com/laptop/dell-xps-13-plus-9320-i7-5cg56
Laptop Apple MacBook Pro 16 M1 Pro 2021 10 core-CPU/16GB/512GB/16 core-GPU (MK183SA/A),53490000,MacBook,Apple M1 Pro,16,16.2,Card tích hợp - 16 nhân GPU,SSD,512 GB SSD,Mac OS,2.1,,10/2021,Dienmayxanh,https://www.dienmayxanh.com/laptop/apple-pro-16-m1-pro-2021-10-core-cpu
Laptop Asus Zenbook Pro 14 Duo OLED UX8402ZE i7 12700H/16GB/1TB/4GB RTX3050Ti/Touch/Pen/Túi/Win11 (M3044W),51060000,Asus,Apple M1 Pro,16,14.5,"Card rời - NVIDIA GeForce RTX3050Ti, 4 GB",SSD,1 TB SSD M.2 PCIe,Windows 11 Home SL,1.75,,2022,Dienmayxanh,https://www.dienmayxanh.com/laptop/asus-zenbook-pro-14-duo-oled-ux8402z-i7-m3044w
Laptop LG gram 2022 i7 1260P/16GB/1TB/Win11 (17Z90Q-G.AH78A5),49790000,LG,Apple M1 Pro,16,17,Card tích hợp - Intel Iris Xe Graphics,SSD,1 TB SSD,Windows 11 Home SL,1.435,,2022,Dienmayxanh,https://www.dienmayxanh.com/laptop/lg-gram-2022-i7-17z90qgah78a5
Laptop LG gram 2022 i7 1260P/16GB/1TB/Win11 (16Z90Q-G.AH78A5),47790000,LG,Apple M1 Pro,16,16,Card tích hợp - Intel Iris Xe Graphics,SSD,1 TB SSD,Windows 11 Home SL,1.285,,2022,Dienmayxanh,https://www.dienmayxanh.com/laptop/lg-gram-2022-i7-16z90qgah78a5
Laptop LG gram 2022 i7 1260P/16GB/512GB/Win11 (17Z90Q-G.AH76A5),47790000,LG,Apple M1 Pro,16,17,Card tích hợp - Intel Iris Xe Graphics,SSD,512 GB SSD NVMe PCIe,Windows 11 Home SL,1.435,,2022,Dienmayxanh,https://www.dienmayxanh.com/laptop/lg-gram-2022-i7-17z90qgah76a5
Laptop Asus Gaming ROG Flow Z13 GZ301Z i7 12700H/16GB/512GB/4GB RTX3050/120Hz/Touch/Pen/Túi/Win11 (LD110W),52990000,Asus,Apple M1 Pro,16,13.4,"Card rời - NVIDIA GeForce RTX 3050, 4 GB",SSD,"512 GB SSD NVMe PCIe (Có thể tháo ra, lắp thanh khác tối đa 1 TB)",Windows 11 Home SL,1.18,,2022,Dienmayxanh,https://www.dienmayxanh.com/laptop/asus-gaming-rog-flow-z13-gz301z-i7-ld110w
Laptop Dell XPS 13 9320 i5 1240P/16GB/512GB/Touch/Cáp/OfficeHS/Win11 (70295789),46990000,Dell,Apple M1 Pro,16,13.4,Card tích hợp - Intel Iris Xe Graphics,SSD,"512 GB SSD NVMe PCIe (Có thể tháo ra, lắp thanh khác tối đa 2 TB)",Windows 11 Home SL + Office Home & Student vĩnh viễn,1.26,,2022,Dienmayxanh,https://www.dienmayxanh.com/laptop/dell-xps-13-9320-i5-70295789
Laptop Asus ROG Strix SCAR 15 G533ZM i7 12700H/16GB/512GB/6GB RTX3060/240Hz/Balo/Win11 (LN2210W),46790000,Asus,Apple M1 Pro,16,15.6,"Card rời - NVIDIA GeForce RTX 3060, 6 GB",SSD,Hỗ trợ thêm 1 khe cắm SSD M.2 PCIe mở rộng (nâng cấp tối đa 2 TB),Windows 11 Home SL,2.3,,2022,Dienmayxanh,https://www.dienmayxanh.com/laptop/asus-rog-strix-scar-15-g533z-i7-ln2210w
Laptop LG gram 2022 i7 1260P/16GB/512GB/Win11 (16Z90Q-G.AH76A5),45790000,LG,Apple M1 Pro,16,16,Card tích hợp - Intel Iris Xe Graphics,SSD,512 GB SSD NVMe PCIe,Windows 11 Home SL,1.285,,2022,Dienmayxanh,https://www.dienmayxanh.com/laptop/lg-gram-2022-i7-16z90qgah76a5
Laptop Asus ROG Strix Gaming G513RM R7 6800H/16GB/512GB/6GB RTX3060/165Hz/Balo/Win11 (HQ055W),42190000,Asus,AMD Ryzen 7,16,15.6,"Card rời - NVIDIA GeForce RTX 3060, 6 GB",SSD,Hỗ trợ thêm 1 khe cắm SSD M.2 PCIe mở rộng (nâng cấp tối đa 1 TB),Windows 11 Home SL,2.3,,2022,Dienmayxanh,https://www.dienmayxanh.com/laptop/asus-rog-strix-gaming-g513r-r7-hq055w
Laptop MacBook Pro 14 M1 Pro 2021 8-core CPU/16GB/512GB/14-core GPU (MKGR3SA/A),,MacBook,Apple M1 Pro,16,14.2,Card tích hợp - 14 nhân GPU,SSD,512 GB SSD,Mac OS,1.6,,10/2021,Dienmayxanh,https://www.dienmayxanh.com/laptop/macbook-pro-14-m1-pro-2021-8-core-cpu
Laptop Apple MacBook Pro M1 2020 16GB/512GB (Z11C),,MacBook,Apple M1,16,13.3,Card tích hợp - 8 nhân GPU,SSD,512 GB SSD,Mac OS,1.4,,2020,Dienmayxanh,https://www.dienmayxanh.com/laptop/apple-macbook-pro-2020-z11c
Laptop Apple MacBook Pro 13 inch M2 2022 16GB/256GB/10-core GPU (Z16R0003V),41990000,MacBook,Apple M1,16,13.3,Card tích hợp - 10 nhân GPU,SSD,256 GB SSD,Mac OS,1.4,,6/2022,Dienmayxanh,https://www.dienmayxanh.com/laptop/apple-macbook-pro-m2-2022-16gb-256gb
Laptop Asus TUF Gaming FX517ZR i7 12650H/8GB/512GB/8GB RTX3070/144Hz/Win11 (HN086W),37890000,Asus,Apple M1,8,15.6,"Card rời - NVIDIA GeForce RTX 3070, 8 GB",SSD,Hỗ trợ thêm 1 khe cắm SSD M.2 PCIe mở rộng (nâng cấp tối đa 1 TB),Windows 11 Home SL,2,,2022,Dienmayxanh,https://www.dienmayxanh.com/laptop/asus-tuf-gaming-fx517z-i7-hn086w
Laptop Dell XPS 13 9310 i5 1135G7/8GB/512GB/Cáp/Office H&S/Win11 (70273578),37790000,Dell,Intel Core i5 Tiger Lake,8,13.4,Card tích hợp - Intel Iris Xe Graphics,SSD,"512 GB SSD NVMe PCIe (Có thể tháo ra, lắp thanh khác tối đa 2 TB)",Windows 11 Home SL + Office Home & Student vĩnh viễn,1.2,,2021,Dienmayxanh,https://www.dienmayxanh.com/laptop/dell-xps-13-9310-i5-70273578
Laptop Asus TUF Gaming FX507ZM i7 12700H/16GB/512GB/6GB RTX3060/144Hz/Win11 (HN123W),41990000,Asus,Intel Core i5 Tiger Lake,16,15.6,"Card rời - NVIDIA GeForce RTX 3060, 6 GB",SSD,"512 GB SSD NVMe PCIe (Có thể tháo ra, lắp thanh khác tối đa 1 TB)",Windows 11 Home SL,2.2,,2022,Dienmayxanh,https://www.dienmayxanh.com/laptop/asus-tuf-gaming-fx507z-i7-hn123w
Laptop Asus Zenbook 14X OLED Space Edition UX5401ZAS i7 12700H/16GB/1TB/Cáp/Túi/Win11 (KN070W),36490000,Asus,Intel Core i5 Tiger Lake,16,14,Card tích hợp - Intel Iris Xe Graphics,SSD,1 TB SSD M.2 PCIe,Windows 11 Home SL,1.4,,2022,Dienmayxanh,https://www.dienmayxanh.com/laptop/asus-zenbook-14x-oled-space-edition-ux5401zas-i7-kn070w
Laptop Apple MacBook Air M1 2020 16GB/512GB/8-core GPU,39490000,MacBook,Apple M1,16,13.3,Card tích hợp - 8 nhân GPU,SSD,512 GB SSD,Mac OS,1.29,,2020,Dienmayxanh,https://www.dienmayxanh.com/laptop/apple-macbook-air-m1-2020-8-core-gpu
Laptop Apple MacBook Air M2 2022 16GB/256GB/8-core GPU (Z16000051),38990000,MacBook,Apple M1,16,13.6,Card tích hợp - 8 nhân GPU,SSD,256 GB SSD,Mac OS,1.24,,6/2022,Dienmayxanh,https://www.dienmayxanh.com/laptop/apple-macbook-air-m2-2022-16gb-256gb
Laptop Lenovo Yoga Slim 7 Carbon 13ITL5 i7 1165G7/16GB/1TB/Win11 (82EV00AWVN),34190000,Lenovo,Intel Core i7 Tiger Lake,16,13.3,Card tích hợp - Intel Iris Xe Graphics,SSD,1 TB SSD M.2 PCIe,Windows 11 Home SL,0.966,,2022,Dienmayxanh,https://www.dienmayxanh.com/laptop/lenovo-yoga-slim-7-carbon-13itl5-i7-82ev00awvn
Laptop Lenovo Yoga 7 14IAL7 i7 1260P/16GB/512GB/Touch/Pen/Win11 (82QE000QVN),33190000,Lenovo,Intel Core i7 Tiger Lake,16,14,Card tích hợp - Intel Iris Xe Graphics,SSD,"512 GB SSD NVMe PCIe (Có thể tháo ra, lắp thanh khác tối đa 1 TB)",Windows 11 Home SL,1.42,,2022,Dienmayxanh,https://www.dienmayxanh.com/laptop/lenovo-yoga-7-14ial7-i7-82qe000qvn
Laptop Acer Nitro 5 Gaming AN515 45 R86D R7 5800H/8GB/512GB/6GB RTX3060/144Hz/Win11 (NH.QBCSV.005),32490000,Acer,AMD Ryzen 7,8,15.6,"Card rời - NVIDIA GeForce RTX 3060, 6 GB",SSD,"512 GB SSD NVMe PCIe (Có thể tháo ra, lắp thanh khác tối đa 2 TB)",Windows 11 Home SL,2.2,,2021,Dienmayxanh,https://www.dienmayxanh.com/laptop/acer-nitro-5-gaming-an515-45-r86d-r7-nhqbcsv005
Laptop HP Envy X360 13 bf0090TU i7 1250U/16GB/512GB/Touch/Pen/Win11 (76B13PA),32990000,HP,AMD Ryzen 7,16,13.3,Card tích hợp - Intel Iris Xe Graphics,SSD,512 GB SSD NVMe PCIe,Windows 11 Home SL,1.34,,2022,Dienmayxanh,https://www.dienmayxanh.com/laptop/hp-envy-x360-13-bf0090tu-i7-76b13pa
Laptop Acer Nitro 5 Tiger AN515 58 773Y i7 12700H/8GB/512GB/4GB RTX3050Ti/144Hz/Win11 (NH.QFKSV.001),31990000,Acer,AMD Ryzen 7,8,15.6,"Card rời - NVIDIA GeForce RTX3050Ti, 4 GB",SSD,Hỗ trợ thêm 1 khe cắm SSD M.2 PCIe mở rộng (nâng cấp tối đa 2 TB),Windows 11 Home SL,2.5,,2022,Dienmayxanh,https://www.dienmayxanh.com/laptop/acer-nitro-5-tiger-an515-58-773y-i7-nhqfksv001
Laptop Apple MacBook Pro M1 2020 8GB/512GB (MYD92SA/A),40190000,MacBook,Apple M1,8,13.3,Card tích hợp - 8 nhân GPU,SSD,512 GB SSD,Mac OS,1.4,,2020,Dienmayxanh,https://www.dienmayxanh.com/laptop/apple-macbook-pro-2020-myd92saa
Laptop Asus Vivobook Pro 15 OLED K6502Z i7 12650H/16GB/512GB/4GB RTX3050/Win11 (MA036W),31190000,Asus,Apple M1,16,15.6,"Card rời - NVIDIA GeForce RTX3050, 4 GB",SSD,512 GB SSD NVMe PCIe,Windows 11 Home SL,1.8,,2022,Dienmayxanh,https://www.dienmayxanh.com/laptop/asus-vivobook-pro-15-oled-k6502z-i7-ma036w
Laptop Asus Zenbook 14X OLED Space Edition UX5401ZAS i5 12500H/16GB/512GB/Cáp/Túi/Win11 (KN130W),30990000,Asus,Apple M1,16,14,Card tích hợp - Intel Iris Xe Graphics,SSD,512 GB SSD NVMe PCIe,Windows 11 Home SL,1.4,,2022,Dienmayxanh,https://www.dienmayxanh.com/laptop/asus-zenbook-14x-oled-space-edition-ux5401zas-i5-kn130w
Laptop Intel NUC M15 Kit i7 1165G7/16GB/512GB/Touch/Win10 (BBC710BCUXBC1),30690000,Intel,Intel Core i7 Tiger Lake,16,15.6,Card tích hợp - Intel Iris Xe Graphics,SSD,"512 GB SSD NVMe PCIe (Có thể tháo ra, lắp thanh khác tối đa 1 TB)",Windows 10 Home,1.65,,2021,Dienmayxanh,https://www.dienmayxanh.com/laptop/intel-nuc-m15-i7-bbc710bcuxbc1
Laptop Lenovo Legion 5 15IAH7 i5 12500H/8GB/512GB/4GB RTX3050Ti/165Hz/Win11 (82RC003WVN),30690000,Lenovo,Intel Core i7 Tiger Lake,8,15.6,"Card rời - NVIDIA GeForce RTX3050Ti, 4 GB",SSD,"512 GB SSD NVMe PCIe (Có thể tháo ra, lắp thanh khác tối đa 1 TB (2280) / 512 GB (2242))",Windows 11 Home SL,2.35,,2022,Dienmayxanh,https://www.dienmayxanh.com/laptop/lenovo-legion-5-15iah7-i5-82rc003wvn
Laptop Lenovo Ideapad Gaming 3 15IAH7 i7 12700H/16GB/512GB/4GB RTX3050Ti/120Hz/Win11 (82S9007UVN),30490000,Lenovo,Intel Core i7 Tiger Lake,16,15.6,"Card rời - NVIDIA GeForce RTX3050Ti, 4 GB",SSD,"512 GB SSD NVMe PCIe (Có thể tháo ra, lắp thanh khác tối đa 1 TB)",Windows 11 Home SL,2.315,,2022,Dienmayxanh,https://www.dienmayxanh.com/laptop/lenovo-ideapad-gaming-3-15iah7-i7-82s9007uvn
Laptop Lenovo Yoga Slim 7 Pro 14IHU5 i7 11370H/16GB/512GB/OfficeHS/Win11 (82NH00ALVN),30190000,Lenovo,Intel Core i7 Tiger Lake,16,14,Card tích hợp - Intel Iris Xe Graphics,SSD,"512 GB SSD NVMe PCIe (Có thể tháo ra, lắp thanh khác tối đa 1 TB)",Windows 11 Home SL + Office Home & Student vĩnh viễn,1.38,,2022,Dienmayxanh,https://www.dienmayxanh.com/laptop/lenovo-yoga-slim-7-pro-14ihu5-i7-82nh00alvn
Laptop Lenovo Yoga 7 14IAL7 i5 1240P/16GB/512GB/Touch/Pen/Win11 (82QE000RVN),30190000,Lenovo,Intel Core i7 Tiger Lake,16,14,Card tích hợp - Intel Iris Xe Graphics,SSD,"512 GB SSD NVMe PCIe (Có thể tháo ra, lắp thanh khác tối đa 1 TB)",Windows 11 Home SL,1.42,,2022,Dienmayxanh,https://www.dienmayxanh.com/laptop/lenovo-yoga-7-14ial7-i5-82qe000rvn
Laptop Apple MacBook Air M2 2022 8GB/256GB/8-core GPU (MLXW3SA/A),32990000,MacBook,Intel Core i7 Tiger Lake,8,13.6,Card tích hợp - 8 nhân GPU,SSD,256 GB SSD,Mac OS,1.24,,6/2022,Dienmayxanh,https://www.dienmayxanh.com/laptop/apple-macbook-air-m2-2022
Laptop Asus TUF Gaming FX517ZM i7 12650H/8GB/512GB/6GB RTX3060/144Hz/Win11 (HN480W),33990000,Asus,Intel Core i7 Tiger Lake,8,15.6,"Card rời - NVIDIA GeForce RTX 3060, 6 GB",SSD,"512 GB SSD NVMe PCIe (Có thể tháo ra, lắp thanh khác tối đa 1 TB)",Windows 11 Home SL,2,,2022,Dienmayxanh,https://www.dienmayxanh.com/laptop/asus-tuf-gaming-fx517z-i7-hn480w
Laptop Asus TUF Gaming FX506HM i7 11800H/8GB/512GB/6GB RTX3060/144Hz/Win11 (HN366W),29190000,Asus,Intel Core i7 Tiger Lake,8,15.6,"Card rời - NVIDIA GeForce RTX 3060, 6 GB",SSD,Hỗ trợ thêm 1 khe cắm SSD M.2 PCIe mở rộng (nâng cấp tối đa 1 TB),Windows 11 Home SL,2.3,,2022,Dienmayxanh,https://www.dienmayxanh.com/laptop/asus-tuf-gaming-fx506hm-i7-hn366w
Laptop Asus TUF Gaming FX507ZE i7 12700H/8GB/512GB/4GB RTX3050Ti/144Hz/Win11 (HN093W),33490000,Asus,Intel Core i7 Tiger Lake,8,15.6,"Card rời - NVIDIA GeForce RTX3050Ti, 4 GB",SSD,"512 GB SSD NVMe PCIe (Có thể tháo ra, lắp thanh khác tối đa 1 TB)",Windows 11 Home SL,2.2,,2022,Dienmayxanh,https://www.dienmayxanh.com/laptop/asus-tuf-gaming-fx507z-i7-hn093w
Laptop HP Envy X360 13 bf0095TU i5 1230U/16GB/512GB/Touch/Pen/Win11 (76B15PA),29590000,HP,Intel Core i7 Tiger Lake,16,13.3,Card tích hợp - Intel Iris Xe Graphics,SSD,512 GB SSD NVMe PCIe,Windows 11 Home SL,1.34,,2022,Dienmayxanh,https://www.dienmayxanh.com/laptop/hp-envy-x360-13-bf0095tu-i5-76b15pa
Laptop Asus Vivobook Pro 15 OLED K6502Z i5 12450H/16GB/512GB/4GB RTX3050/120Hz/Win11 (MA025W),28930000,Asus,Intel Core i7 Tiger Lake,16,15.6,"Card rời - NVIDIA GeForce RTX3050, 4 GB",SSD,512 GB SSD NVMe PCIe,Windows 11 Home SL,1.8,,2022,Dienmayxanh,https://www.dienmayxanh.com/laptop/asus-vivobook-pro-15-k6502z-i5-ma025w
Laptop Asus Zenbook 14 OLED UX3402ZA i7 1260P/16GB/512GB/Cáp/Win11 (KM221W),28890000,Asus,Intel Core i7 Tiger Lake,16,14,Card tích hợp - Intel Iris Xe Graphics,SSD,512 GB SSD NVMe PCIe,Windows 11 Home SL,1.39,,2022,Dienmayxanh,https://www.dienmayxanh.com/laptop/asus-zenbook-14-oled-ux3402za-i7-km221w
Laptop Asus TUF Gaming FX507ZC i7 12700H/8GB/512GB/4GB RTX3050/144Hz/Win11 (HN124W),32490000,Asus,Intel Core i7 Tiger Lake,8,15.6,"Card rời - NVIDIA GeForce RTX3050, 4 GB",SSD,Hỗ trợ thêm 1 khe cắm SSD M.2 PCIe mở rộng (nâng cấp tối đa 1 TB),Windows 11 Home SL,2.2,,2022,Dienmayxanh,https://www.dienmayxanh.com/laptop/asus-tuf-gaming-fx507zc-i7-hn124w
Laptop Dell Inspiron 16 5620 i5 1240P/16GB/512GB/2GB MX570/OfficeHS/Win11 (N6I5003W1),28490000,Dell,Intel Core i7 Tiger Lake,16,16,"Card rời - NVIDIA Geforce MX570, 2 GB",SSD,512 GB SSD NVMe PCIe,Windows 11 Home SL + Office Home & Student vĩnh viễn,1.97,,2022,Dienmayxanh,https://www.dienmayxanh.com/laptop/dell-inspiron-16-5620-i5-n6i5003w1
Laptop Dell Gaming G15 5515 R7 5800H/8GB/512GB/4GB RTX3050/120Hz/Office H&S/Win11 (70266674),28390000,Dell,AMD Ryzen 7,8,15.6,"Card rời - NVIDIA GeForce RTX3050, 4 GB",SSD,"512 GB SSD NVMe PCIe (Có thể tháo ra, lắp thanh khác tối đa 2 TB (2280) / 1 TB (2230))",Windows 11 Home SL + Office Home & Student vĩnh viễn,2.81,,2021,Dienmayxanh,https://www.dienmayxanh.com/laptop/dell-gaming-g15-5515-r7-70266674
Laptop Lenovo Yoga Slim 7 Carbon 13ITL5 i5 1135G7/16GB/512GB/Win11 (82EV00AVVN),28190000,Lenovo,Intel Core i5 Tiger Lake,16,13.3,Card tích hợp - Intel Iris Xe Graphics,SSD,"512 GB SSD NVMe PCIe (Có thể tháo ra, lắp thanh khác tối đa 1 TB)",Windows 11 Home SL,0.966,,2022,Dienmayxanh,https://www.dienmayxanh.com/laptop/lenovo-yoga-slim-7-carbon-13itl5-i5-82nh00avvn
Laptop Lenovo Gaming Legion 5 15ACH6 R7 5800H/8GB/512GB/4GB RTX3050Ti/165Hz/Win11 (82JW00KMVN),28190000,Lenovo,AMD Ryzen 7,8,15.6,"Card rời - NVIDIA GeForce RTX3050Ti, 4 GB",SSD,"512 GB SSD NVMe PCIe (Có thể tháo ra, lắp thanh khác tối đa 1 TB (2280) / 512 GB (2242))",Windows 11 Home SL,2.4,,2021,Dienmayxanh,https://www.dienmayxanh.com/laptop/lenovo-gaming-legion-5-15ach6-r7-82jw00kmvn
Laptop Intel NUC M15 Kit i5 1135G7/16GB/512GB/Win10 (BBC510EAUXBC1),28090000,Intel,Intel Core i5 Tiger Lake,16,15.6,Card tích hợp - Intel Iris Xe Graphics,SSD,"512 GB SSD NVMe PCIe (Có thể tháo ra, lắp thanh khác tối đa 1 TB)",Windows 10 Home,1.65,,2021,Dienmayxanh,https://www.dienmayxanh.com/laptop/intel-nuc-m15-i5-bbc510eauxbc1
Laptop Acer Nitro 5 Tiger AN515 58 52SP i5 12500H/8GB/512GB/4GB RTX3050/144Hz/Win11 (NH.QFHSV.001),27990000,Acer,Intel Core i5 Tiger Lake,8,15.6,"Card rời - NVIDIA GeForce RTX3050, 4 GB",SSD,"512 GB SSD NVMe PCIe (Có thể tháo ra, lắp thanh khác tối đa 1 TB)",Windows 11 Home SL,2.5,,2022,Dienmayxanh,https://www.dienmayxanh.com/laptop/acer-nitro-5-tiger-an515-58-52sp-i5-nhqfhsv001
Laptop Lenovo Ideapad Gaming 3 15ARH7 R5 6600H/16GB/512GB/4GB RTX3050Ti/120Hz/Win11 (82SB007LVN),27990000,Lenovo,AMD Ryzen 5,16,15.6,"Card rời - NVIDIA GeForce RTX3050Ti, 4 GB",SSD,"512 GB SSD NVMe PCIe (Có thể tháo ra, lắp thanh khác tối đa 1 TB)",Windows 11 Home SL,2.315,,2022,Dienmayxanh,https://www.dienmayxanh.com/laptop/lenovo-ideapad-gaming-3-15arh7-r5-82sb007lvn
Laptop Dell Vostro 5620 i7 1260P/16GB/512GB/OfficeHS/Win11 (P117F001AGR),27990000,Dell,AMD Ryzen 5,16,16,Card tích hợp - Intel Iris Xe Graphics,SSD,"512 GB SSD NVMe PCIe (Có thể tháo ra, lắp thanh khác tối đa 2 TB (2280) / 1 TB (2230))",Windows 11 Home SL + Office Home & Student vĩnh viễn,1.91,,2022,Dienmayxanh,https://www.dienmayxanh.com/laptop/dell-vostro-5620-i7-p117f001agr
Laptop Asus ROG Strix Gaming G513R R7 6800H/8GB/512GB/4GB RTX3050/144Hz/Win11 (HN038W),27190000,Asus,AMD Ryzen 7,8,15.6,"Card rời - NVIDIA GeForce RTX3050, 4 GB",SSD,"512 GB SSD NVMe PCIe (Có thể tháo ra, lắp thanh khác tối đa 1 TB)",Windows 11 Home SL,2.1,,2022,Dienmayxanh,https://www.dienmayxanh.com/laptop/asus-rog-strix-gaming-g513r-r7-hn038w
Laptop Asus ZenBook UX425E i7 1165G7/16GB/512GB/Cáp/Túi/Win11 (KI843W),27190000,Asus,Intel Core i7 Tiger Lake,16,14,Card tích hợp - Intel Iris Xe Graphics,SSD,512 GB SSD NVMe PCIe,Windows 11 Home SL,1.17,,2021,Dienmayxanh,https://www.dienmayxanh.com/laptop/asus-zenbook-ux425e-i7-ki843w
Laptop HP EliteBook 630 G9 i7 1255U/16GB/512GB/Win11 (6M146PA),27790000,HP,Intel Core i7 Tiger Lake,16,13.3,Card tích hợp - Intel UHD Graphics (Iris Xe Graphics chỉ hoạt động với RAM kênh đôi),SSD,"512 GB SSD NVMe PCIe (Có thể tháo ra, lắp thanh khác tối đa 1 TB)",Windows 11 Home SL,1.28,,2022,Dienmayxanh,https://www.dienmayxanh.com/laptop/hp-elitebook-630-g9-i7-6m146pa
Laptop Dell Vostro 5620 i5 1240P/8GB/512GB/2GB MX570/OfficeHS/Win11 (70296963),25490000,Dell,Intel Core i7 Tiger Lake,8,16,"Card rời - NVIDIA Geforce MX570, 2 GB",SSD,"512 GB SSD NVMe PCIe (Có thể tháo ra, lắp thanh khác tối đa 2 TB (2280) / 1 TB (2230))",Windows 11 Home SL + Office Home & Student vĩnh viễn,1.97,,2022,Dienmayxanh,https://www.dienmayxanh.com/laptop/dell-vostro-5620-i5-70296963
Laptop HP Pavilion X360 14 ek0055TU i7 1255U/16GB/512GB/Touch/Pen/Win11 (6L293PA),25990000,HP,Intel Core i7 Tiger Lake,16,14,Card tích hợp - Intel Iris Xe Graphics,SSD,"512 GB SSD NVMe PCIe (Có thể tháo ra, lắp thanh khác tối đa 1 TB)",Windows 11 Home SL,1.51,,2022,Dienmayxanh,https://www.dienmayxanh.com/laptop/hp-pavilion-x360-14-ek0055tu-i7-6l293pa
Laptop Asus TUF Gaming FX517ZE i5 12450H/8GB/512GB/4GB RTX3050Ti/144Hz/Win11 (HN045W),29990000,Asus,Intel Core i7 Tiger Lake,8,15.6,"Card rời - NVIDIA GeForce RTX 3050Ti, 4 GB",SSD,512 GB SSD NVMe PCIe,Windows 11 Home SL,2,,2022,Dienmayxanh,https://www.dienmayxanh.com/laptop/asus-tuf-gaming-fx517ze-i5-hn045w
Laptop HP Pavilion X360 14 ek0055TU i7 1255U/16GB/512GB/Touch/Pen/Win11 (6L293PA),25990000,HP,Intel Core i7 Tiger Lake,16,14,Card tích hợp - Intel Iris Xe Graphics,SSD,"512 GB SSD NVMe PCIe (Có thể tháo ra, lắp thanh khác tối đa 1 TB)",Windows 11 Home SL,1.51,,2022,Dienmayxanh,https://www.dienmayxanh.com/laptop/hp-pavilion-x360-14-ek0055tu-i7-6l293pa
Laptop Lenovo Ideapad 5 Pro 14IAP7 i7 1260P/16GB/512GB/Win11(82SH002SVN),25330000,Lenovo,Intel Core i7 Tiger Lake,16,14,Card tích hợp - Intel Iris Xe Graphics,SSD,"512 GB SSD NVMe PCIe (Có thể tháo ra, lắp thanh khác tối đa 1 TB (2280) / 512 GB (2242))",Windows 11 Home SL,1.42,,2022,Dienmayxanh,https://www.dienmayxanh.com/laptop/lenovo-ideapad-5-pro-14iap7-i7-82sh002svn
Laptop Asus TUF Gaming FA507RC R7 6800H/8GB/512GB/4GB RTX3050/144Hz/Win11 (HN051W),28490000,Asus,AMD Ryzen 7,8,15.6,"Card rời - NVIDIA GeForce RTX 3050, 4 GB",SSD,Hỗ trợ thêm 1 khe cắm SSD M.2 PCIe mở rộng (nâng cấp tối đa 1 TB),Windows 11 Home SL,2.2,,2022,Dienmayxanh,https://www.dienmayxanh.com/laptop/asus-tuf-gaming-fa507rc-r7-hn051w
Laptop LG gram 2022 i3 1220P/8GB/256GB/Win11 (14Z90Q-G.AJ32A5),25190000,LG,AMD Ryzen 7,8,14,Card tích hợp - Intel UHD Graphics,SSD,256 GB SSD NVMe PCIe,Windows 11 Home SL,0.999,,2022,Dienmayxanh,https://www.dienmayxanh.com/laptop/lg-gram-2022-i3-14z90qgaj32a5
Laptop Lenovo Gaming Legion 5 15ACH6 R5 5600H/8GB/512GB/4GB RTX3050/165Hz/Win11 (82JW00KLVN),25190000,Lenovo,AMD Ryzen 5,8,15.6,"Card rời - NVIDIA GeForce RTX3050, 4 GB",SSD,"512 GB SSD NVMe PCIe (Có thể tháo ra, lắp thanh khác tối đa 1 TB (2280) / 512 GB (2242))",Windows 11 Home SL,2.4,,2021,Dienmayxanh,https://www.dienmayxanh.com/laptop/lenovo-gaming-legion-5-15ach6-r5-82jw00klvn
Laptop Acer Nitro 5 Gaming AN515 57 553E i5 11400H/8GB/512GB/4GB RTX3050/144Hz/Win11 (NH.QENSV.006),24990000,Acer,Intel Core i5 Tiger Lake,8,15.6,"Card rời - NVIDIA GeForce RTX 3050, 4 GB",SSD,"512 GB SSD NVMe PCIe (Có thể tháo ra, lắp thanh khác tối đa 1 TB (2280) / 512 GB (2242))",Windows 11 Home SL,2.2,,2021,Dienmayxanh,https://www.dienmayxanh.com/laptop/acer-nitro-5-gaming-an515-57-553e-i5-nhqensv006
Laptop Dell Vostro 5620 i5 1240P/16GB/512GB/OfficeHS/Win11 (70282719),24990000,Dell,Intel Core i5 Tiger Lake,16,16,Card tích hợp - Intel Iris Xe Graphics,SSD,"512 GB SSD NVMe PCIe (Có thể tháo ra, lắp thanh khác tối đa 2 TB (2280) / 1 TB (2230))",Windows 11 Home SL + Office Home & Student vĩnh viễn,1.97,,2022,Dienmayxanh,https://www.dienmayxanh.com/laptop/dell-vostro-5620-i5-70282719
Laptop HP Envy x360 Convert 13 ay1056AU R7 5800U/8GB/256GB/Touch/Pen/Win11 (601Q8PA),24890000,HP,AMD Ryzen 7,8,13.3,Card tích hợp - AMD Radeon Graphics,SSD,"256 GB SSD NVMe PCIe (Có thể tháo ra, lắp thanh khác dung lượng không giới hạn)",Windows 11 Home SL,1.3,,2021,Dienmayxanh,https://www.dienmayxanh.com/laptop/hp-envy-x360-convert-13-ay1056au-r7-601q8pa
Laptop Asus ExpertBook B5402CB i5 1240P/16GB/512GB/Win11 (KI0353W),24640000,Asus,AMD Ryzen 7,16,14,Card tích hợp - Intel Iris Xe Graphics,SSD,Hỗ trợ thêm 1 khe cắm SSD M.2 PCIe mở rộng (nâng cấp tối đa 1 TB),Windows 11 Home SL,1.25,,2022,Dienmayxanh,https://www.dienmayxanh.com/laptop/asus-expertbook-b5402cb-i5-ki0353w
Laptop Dell Inspiron 16 5620 i5 1240P/16GB/512GB/OfficeHS/Win11 (i5P165W11SLU),24490000,Dell,AMD Ryzen 7,16,16,Card tích hợp - Intel Iris Xe Graphics,SSD,"512 GB SSD NVMe PCIe (Có thể tháo ra, lắp thanh khác tối đa 2 TB (2280) / 1 TB (2230))",Windows 11 Home SL + Office Home & Student vĩnh viễn,1.87,,2022,Dienmayxanh,https://www.dienmayxanh.com/laptop/dell-inspiron-16-5620-i5p165w11slu
Laptop Apple MacBook Air M1 2020 8GB/256GB/7-core GPU (MGND3SA/A),27490000,MacBook,Apple M1,8,13.3,Card tích hợp - 7 nhân GPU,SSD,256 GB SSD,Mac OS,1.29,,2020,Dienmayxanh,https://www.dienmayxanh.com/laptop/apple-macbook-air-2020-mgn63saa
Laptop Acer Swift 3 SF314 512 56QN i5 1240P/16GB/512GB/Win11 (NX.K0FSV.002),23990000,Acer,Apple M1,16,14,Card tích hợp - Intel Iris Xe Graphics,SSD,"512 GB SSD NVMe PCIe (Có thể tháo ra, lắp thanh khác tối đa 1 TB)",Windows 11 Home SL,1.2,,2022,Dienmayxanh,https://www.dienmayxanh.com/laptop/acer-swift-3-sf314-512-56qn-i5-nxk0fsv002
Laptop Asus Zenbook 14 OLED UX3402ZA i5 1240P/8GB/512GB/90Hz/Cáp/Túi/Win11 (KM220W),23830000,Asus,Apple M1,8,14,Card tích hợp - Intel Iris Xe Graphics,SSD,512 GB SSD NVMe PCIe,Windows 11 Home SL,1.39,,2022,Dienmayxanh,https://www.dienmayxanh.com/laptop/asus-zenbook-14-oled-ux3402za-i5-km218w
Laptop Dell Vostro 3400 i7 1165G7/8GB/512GB/2GB MX330/Office H&S/Win11 (V4I7015W1),23590000,Dell,Intel Core i7 Tiger Lake,8,14,"Card rời - NVIDIA GeForce MX330, 2 GB",SSD,512 GB SSD NVMe PCIe,Windows 11 Home SL + Office Home & Student vĩnh viễn,1.64,,2021,Dienmayxanh,https://www.dienmayxanh.com/laptop/dell-vostro-3400-i7-v4i7015w1
Laptop HP Pavilion 15 eg2066TU i7 1260P/16GB/512GB/Win11 (6K7E2PA),24190000,HP,Intel Core i7 Tiger Lake,16,15.6,Card tích hợp - Intel Iris Xe Graphics,SSD,512 GB SSD NVMe PCIe,Windows 11 Home SL,1.74,,2022,Dienmayxanh,https://www.dienmayxanh.com/laptop/hp-pavilion-15-eg2066tu-i7-6k7e2pa
Laptop Lenovo Yoga Slim 7 Pro 14IHU5 i5 11300H/16GB/512GB/OfficeH&S/Win11 (82NH00AMVN),23190000,Lenovo,Intel Core i5 Tiger Lake,16,14,Card tích hợp - Intel Iris Xe Graphics,SSD,"512 GB SSD NVMe PCIe (Có thể tháo ra, lắp thanh khác tối đa 1 TB)",Windows 11 Home SL + Office Home & Student vĩnh viễn,1.38,,2022,Dienmayxanh,https://www.dienmayxanh.com/laptop/lenovo-yoga-slim-7-pro-14ihu5-i5-82nh00amvn
Laptop Acer Swift 3 SF314 511 55QE i5 1135G7/16GB/512GB/Win11 (NX.ABNSV.003),22990000,Acer,Intel Core i5 Tiger Lake,16,14,Card tích hợp - Intel Iris Xe Graphics,SSD,"512 GB SSD NVMe PCIe (Có thể tháo ra, lắp thanh khác tối đa 1 TB)",Windows 11 Home SL,1.19,,2021,Dienmayxanh,https://www.dienmayxanh.com/laptop/acer-swift-3-sf314-511-55qe-i5-nxabnsv003
Laptop Surface Pro 7 Plus i5 1135G7/8GB/128GB/Touch/Win11 (28B-00001),22890000,Surface,Intel Core i5 Tiger Lake,8,12.3,Card tích hợp - Intel Iris Xe Graphics,SSD,"128 GB SSD M.2 PCIe (Có thể tháo ra, lắp thanh khác tối đa 1 TB)",Windows 11 Home SL,0.77,,2021,Dienmayxanh,https://www.dienmayxanh.com/laptop/surface-pro-7-plus-i5-28b00001
Laptop HP Pavilion 15 eg2034TX i7 1255U/8GB/512GB/2GB MX550/Win11 (6K780PA),24590000,HP,Intel Core i5 Tiger Lake,8,15.6,Card rời - NVIDIA GeForce MX550 2 GB,SSD,512 GB SSD NVMe PCIe,Windows 11 Home SL,1.74,,2022,Dienmayxanh,https://www.dienmayxanh.com/laptop/hp-pavilion-15-eg2034tx-i7-6k780pa
Laptop Lenovo Ideapad 5 Pro 14IAP7 i5 1240P/16GB/512GB/Win11 (82SH000SVN),22590000,Lenovo,Intel Core i5 Tiger Lake,16,14,Card tích hợp - Intel Iris Xe Graphics,SSD,"512 GB SSD NVMe PCIe (Có thể tháo ra, lắp thanh khác tối đa 1 TB (2280) / 512 GB (2242))",Windows 11 Home SL,1.42,,2022,Dienmayxanh,https://www.dienmayxanh.com/laptop/lenovo-ideapad-5-pro-14iap7-i5-82sh000svn
Laptop Acer Nitro 5 Gaming AN515 45 R6EV R5 5600H/8GB/512GB/144Hz/4GB GTX1650/Win11 (NH.QBMSV.006),22490000,Acer,AMD Ryzen 5,8,15.6,Card rời - NVIDIA GeForce GTX 1650 4 GB,SSD,"512 GB SSD NVMe PCIe (Có thể tháo ra, lắp thanh khác tối đa 1 TB (2280) / 512 GB (2242))",Windows 11 Home SL,2.2,,2021,Dienmayxanh,https://www.dienmayxanh.com/laptop/acer-nitro-5-gaming-an515-45-r6ev-r5-nhqbmsv006
Laptop Dell Inspiron 15 5515 R7 5700U/8GB/512GB/Office H&S/Win11 (N5R75700U104W1),22490000,Dell,AMD Ryzen 7,8,15.6,Card tích hợp - AMD Radeon Graphics,SSD,512 GB SSD NVMe PCIe,Windows 11 Home SL + Office Home & Student vĩnh viễn,1.75,,2021,Dienmayxanh,https://www.dienmayxanh.com/laptop/dell-inspiron-15-5515-r7-n5r75700u104w1
Laptop Asus Vivobook 15 X1502ZA i7 1260P/16GB/512GB/Win11/(EJ582W),22430000,Asus,AMD Ryzen 7,16,15.6,Card tích hợp - Intel Iris Xe Graphics,SSD,512 GB SSD NVMe PCIe,Windows 11 Home SL,1.7,,2022,Dienmayxanh,https://www.dienmayxanh.com/laptop/asus-vivobook-15-x1502za-i7-ej582w
Laptop Dell Inspiron 14 5420 i5 1235U/8GB/256GB/OfficeHS/Win11 (P157G001ASL),21990000,Dell,AMD Ryzen 7,8,14,Card tích hợp - Intel UHD Graphics (Iris Xe Graphics chỉ hoạt động với RAM kênh đôi),SSD,"256 GB SSD NVMe PCIe (Có thể tháo ra, lắp thanh khác tối đa 1 TB)",Windows 11 Home SL + Office Home & Student vĩnh viễn,1.55,,2022,Dienmayxanh,https://www.dienmayxanh.com/laptop/dell-inspiron-14-5420-i5-p157g001asl
Laptop Acer Aspire 7 Gaming A715 75G 58U4 i5 10300H/8GB/512GB/4GB GTX1650/Win11 (NH.Q97SV.004),21990000,Acer,Intel Core i5 Comet Lake,8,15.6,Card rời - NVIDIA GeForce GTX 1650 4 GB,SSD,"256 GB SSD NVMe PCIe (Có thể tháo ra, lắp thanh khác tối đa 1 TB)",Windows 11 Home SL,2.15,,2021,Dienmayxanh,https://www.dienmayxanh.com/laptop/acer-aspire-7-gaming-a715-75g-58u4-i5-nhq97sv004
Laptop Acer Aspire 7 Gaming A715 43G R8GA R5 5625U/8GB/512GB/4GB RTX3050/144Hz/Win11 (NH.QHDSV.002),21990000,Acer,AMD Ryzen 5,8,15.6,"Card rời - NVIDIA GeForce RTX3050, 4 GB",SSD,"512 GB SSD NVMe PCIe (Có thể tháo ra, lắp thanh khác tối đa 1 TB)",Windows 11 Home SL,2.1,,2022,Dienmayxanh,https://www.dienmayxanh.com/laptop/acer-aspire-7-gaming-a715-43g-r8ga-r5-nhqhdsv002
Laptop Asus TUF Gaming FX506HC i5 11400H/8GB/512GB/4GB RTX3050/144Hz/Win11 (HN144W),25990000,Asus,Intel Core i5 Tiger Lake,8,15.6,"Card rời - NVIDIA GeForce RTX3050, 4 GB",SSD,Hỗ trợ thêm 1 khe cắm SSD M.2 PCIe mở rộng (nâng cấp tối đa 1 TB),Windows 11 Home SL,2.3,,2022,Dienmayxanh,https://www.dienmayxanh.com/laptop/asus-tuf-gaming-fx506hc-i5-hn144w
Laptop HP Elitebook 630 G9 i5 1235U/8GB/512GB/Win11 (6M143PA),22190000,HP,Intel Core i5 Tiger Lake,8,13.3,Card tích hợp - Intel UHD Graphics (Iris Xe Graphics chỉ hoạt động với RAM kênh đôi),SSD,512 GB SSD NVMe PCIe,Windows 11 Home SL,1.294,,2022,Dienmayxanh,https://www.dienmayxanh.com/laptop/hp-elitebook-630-g9-i5-6m143pa
Surface Laptop Go i5 1035G1/8GB/256GB/Touch/Win10 (THJ-00001),21090000,Surface,Intel Core i5 Ice Lake,8,12.4,Card tích hợp - Intel UHD Graphics,SSD,"Không hỗ trợ nâng cấp, không hỗ trợ thêm khe cắm mở rộng nào khác",Windows 10 Home SL,1.11,,2020,Dienmayxanh,https://www.dienmayxanh.com/laptop/surface-go-i5-thj00001
Laptop Dell Inspiron 14 5415 R7 5700U/8GB/512GB/Office H&S/Win11 (TX4H61),20990000,Dell,AMD Ryzen 7,8,14,Card tích hợp - AMD Radeon Graphics,SSD,"512 GB SSD NVMe PCIe (Có thể tháo ra, lắp thanh khác tối đa 2 TB (2280) / 1 TB (2230))",Windows 11 Home SL + Office Home & Student vĩnh viễn,1.44,,2021,Dienmayxanh,https://www.dienmayxanh.com/laptop/dell-inspiron-14-5415-r7-tx4h61
Laptop HP Pavilion X360 14 ek0056TU i5 1235U/8GB/512GB/Touch/Pen/Win11 (6L294PA),21190000,HP,AMD Ryzen 7,8,14,Card tích hợp - Intel Iris Xe Graphics,SSD,"512 GB SSD NVMe PCIe (Có thể tháo ra, lắp thanh khác tối đa 1 TB)",Windows 11 Home SL,1.51,,2022,Dienmayxanh,https://www.dienmayxanh.com/laptop/hp-pavilion-x360-14-ek0056tu-i5-6l294pa
Laptop Asus ZenBook UX325EA i5 1135G7/8GB/512GB/Cáp/Túi/Win11 (KG656W),22490000,Asus,Intel Core i5 Tiger Lake,8,13.3,Card tích hợp - Intel Iris Xe Graphics,SSD,"512 GB SSD NVMe PCIe (Có thể tháo ra, lắp thanh khác tối đa 1 TB)",Windows 11 Home SL,1.14,,2021,Dienmayxanh,https://www.dienmayxanh.com/laptop/asus-zenbook-ux325ea-i5-kg656w
Laptop HP Probook 450 G9 i5 1235U/8GB/512GB/Win11 (6M0Y9PA),21290000,HP,Intel Core i5 Tiger Lake,8,15.6,Card tích hợp - Intel UHD Graphics (Iris Xe Graphics chỉ hoạt động với RAM kênh đôi),SSD,512 GB SSD NVMe PCIe,Windows 11 Home SL,1.74,,2022,Dienmayxanh,https://www.dienmayxanh.com/laptop/hp-probook-450-g9-i5-6m0y9pa
Laptop HP Pavilion 15 eg0504TU i7 1165G7/8GB/512GB/Win11 (46M00PA),20590000,HP,Intel Core i7 Tiger Lake,8,15.6,Card tích hợp - Intel Iris Xe Graphics,SSD,Không hỗ trợ khe cắm HDD,Windows 11 Home SL,1.685,,2021,Dienmayxanh,https://www.dienmayxanh.com/laptop/hp-pavilion-15-eg0504tu-i7-1165g7-46m00pa
Laptop Acer Aspire 7 Gaming A715 42G R05G R5 5500U/8GB/512GB/4GB GTX1650/144Hz/Win11 (NH.QAYSV.007),20490000,Acer,AMD Ryzen 5,8,15.6,Card rời - NVIDIA GeForce GTX 1650 4 GB,SSD,Không hỗ trợ khe cắm HDD,Windows 11 Home SL,2.1,,2021,Dienmayxanh,https://www.dienmayxanh.com/laptop/acer-aspire-7-gaming-a715-42g-r05g-r5-nhqaysv007
Laptop Asus ZenBook UX425EA i5 1135G7/8GB/512GB/Cáp/Túi/Win11 (KI839W),22490000,Asus,Intel Core i5 Tiger Lake,8,14,Card tích hợp - Intel Iris Xe Graphics,SSD,512 GB SSD NVMe PCIe,Windows 11 Home SL,1.17,,2021,Dienmayxanh,https://www.dienmayxanh.com/laptop/asus-zenbook-ux425ea-i5-ki839w
Laptop Asus Vivobook 14X OLED A1403ZA i5 12500H/8GB/512GB/Win11 (KM065W),20090000,Asus,Intel Core i5 Tiger Lake,8,14,Card tích hợp - Intel UHD Graphics (Iris Xe Graphics chỉ hoạt động với RAM kênh đôi),SSD,"512 GB SSD NVMe PCIe (Có thể tháo ra, lắp thanh khác không giới hạn dung lượng)",Windows 11 Home SL,1.6,,2022,Dienmayxanh,https://www.dienmayxanh.com/laptop/asus-vivobook-14x-oled-a1403za-i5-km065w
Laptop HP Pavilion 15 eg2036TX i5 1235U/8GB/512GB/2GB MX550/Win11 (6K782PA),20590000,HP,Intel Core i5 Tiger Lake,8,15.6,Card rời - NVIDIA GeForce MX550 2 GB,SSD,512 GB SSD NVMe PCIe,Windows 11 Home SL,1.74,,2022,Dienmayxanh,https://www.dienmayxanh.com/laptop/hp-pavilion-15-eg2036tx-i5-6k782pa
Laptop Dell Inspiron 15 3511 i5 1135G7/8GB/512GB/2GB MX350/Office H&S/Win11 (70270650),19990000,Dell,Intel Core i5 Tiger Lake,8,15.6,"Card rời - NVIDIA GeForce MX350, 2 GB",SSD,"512 GB SSD NVMe PCIe (Có thể tháo ra, lắp thanh khác tối đa 2 TB (2280) / 1 TB (2230))",Windows 11 Home SL + Office Home & Student vĩnh viễn,1.73,,2021,Dienmayxanh,https://www.dienmayxanh.com/laptop/dell-inspiron-15-3511-i5-70270650
Laptop Dell Inspiron 15 3511 i5 1135G7/8GB/512GB/2GB MX350/Office H&S/Win11 (70270650),19990000,Dell,Intel Core i5 Tiger Lake,8,15.6,"Card rời - NVIDIA GeForce MX350, 2 GB",SSD,"512 GB SSD NVMe PCIe (Có thể tháo ra, lắp thanh khác tối đa 2 TB (2280) / 1 TB (2230))",Windows 11 Home SL + Office Home & Student vĩnh viễn,1.73,,2021,Dienmayxanh,https://www.dienmayxanh.com/laptop/dell-inspiron-15-3511-i5-70270650
Laptop HP Pavilion 15 eg2035TX i5 1235U/8GB/512GB/2GB MX550/Win11 (6K781PA),20590000,HP,Intel Core i5 Tiger Lake,8,15.6,Card rời - NVIDIA GeForce MX550 2 GB,SSD,512 GB SSD NVMe PCIe,Windows 11 Home SL,1.74,,2022,Dienmayxanh,https://www.dienmayxanh.com/laptop/hp-pavilion-15-eg2035tx-i5-6k781pa
Laptop Lenovo Ideapad 5 Pro 14ITL6 i5 1155G7/8GB/512GB/Win11 (82L300M9VN),19590000,Lenovo,Intel Core i5 Tiger Lake,8,14,Card tích hợp - Intel Iris Xe Graphics,SSD,"512 GB SSD NVMe PCIe (Có thể tháo ra, lắp thanh khác tối đa 1 TB (2280) / 512 GB (2242))",Windows 11 Home SL,1.38,,2022,Dienmayxanh,https://www.dienmayxanh.com/laptop/lenovo-ideapad-5-pro-14itl6-i5-82l300m9vn
Laptop Lenovo ThinkBook 14s G2 ITL i7 1165G7/8GB/512GB/Win11 (20VA003RVN),19290000,Lenovo,Intel Core i7 Tiger Lake,8,14,Card tích hợp - Intel Iris Xe Graphics,SSD,"512 GB SSD NVMe PCIe (Có thể tháo ra, lắp thanh khác tối đa 1 TB (2280) / 512 GB (2242))",Windows 11 Home SL,1.27,,2021,Dienmayxanh,https://www.dienmayxanh.com/laptop/lenovo-thinkbook-14s-g2-itl-i7-20va003rvn
Laptop HP 15s fq5077TU i7 1255U/8GB/512GB/Win11 (6K797PA),20290000,HP,Intel Core i7 Tiger Lake,8,15.6,Card tích hợp - Intel Iris Xe Graphics,SSD,512 GB SSD NVMe PCIe,Windows 11 Home SL,1.69,,2022,Dienmayxanh,https://www.dienmayxanh.com/laptop/hp-15s-fq5077tu-i7-6k797pa
Laptop Asus Vivobook S 14 Flip TP3402ZA i5 12500H/8GB/512GB/Touch/Pen/Win11 (LZ159W),21490000,Asus,Intel Core i7 Tiger Lake,8,14,Card tích hợp - Intel UHD Graphics (Iris Xe Graphics chỉ hoạt động với RAM kênh đôi),SSD,512 GB SSD NVMe PCIe,Windows 11 Home SL,1.5,,2022,Dienmayxanh,https://www.dienmayxanh.com/laptop/asus-vivobook-s-14-flip-tp3402z-i5-lz159w
Laptop Lenovo ThinkBook 14 G2 ITL i7 1165G7/8GB/512GB/Win10 (20VD003LVN),19090000,Lenovo,Intel Core i7 Tiger Lake,8,14,Card tích hợp - Intel Iris Xe Graphics,SSD,"512 GB SSD NVMe PCIe (Có thể tháo ra, lắp thanh khác tối đa 1 TB (2280) / 512 GB (2242))",Windows 10 Home SL,1.4,,2020,Dienmayxanh,https://www.dienmayxanh.com/laptop/lenovo-thinkbook-14-g2-itl-i7-20vd003lvn
Laptop Dell Inspiron 15 3520 i5 1235U/8GB/512GB/120Hz/OfficeHS/Win11 (i5U085W11BLU),18990000,Dell,Intel Core i7 Tiger Lake,8,15.6,Card tích hợp - Intel UHD Graphics (Iris Xe Graphics chỉ hoạt động với RAM kênh đôi),SSD,Hỗ trợ khe cắm HDD SATA (nâng cấp tối đa 2 TB),Windows 11 Home SL + Office Home & Student vĩnh viễn,1.9,,2022,Dienmayxanh,https://www.dienmayxanh.com/laptop/dell-inspiron-15-3520-i5u085w11blu
Laptop Dell Vostro 3400 i5 1135G7/8GB/512GB/2GB MX330/OfficeHS/Win11 (YX51W6),18590000,Dell,Intel Core i5 Tiger Lake,8,14,"Card rời - NVIDIA GeForce MX330, 2 GB",SSD,Hỗ trợ khe cắm HDD SATA 2.5 inch mở rộng (nâng cấp tối đa 2 TB),Windows 11 Home SL + Office Home & Student vĩnh viễn,1.64,,2022,Dienmayxanh,https://www.dienmayxanh.com/laptop/dell-vostro-3400-i5-yx51w6
Laptop Dell Inspiron 15 3520 i5 1235U/8GB/256GB/120Hz/OfficeHS/Win11 (N5I5122W1),18590000,Dell,Intel Core i5 Tiger Lake,8,15.6,Card tích hợp - Intel UHD Graphics (Iris Xe Graphics chỉ hoạt động với RAM kênh đôi),SSD,Hỗ trợ khe cắm HDD SATA 2.5 inch mở rộng (nâng cấp tối đa 2 TB),Windows 11 Home SL + Office Home & Student vĩnh viễn,1.9,,2022,Dienmayxanh,https://www.dienmayxanh.com/laptop/dell-inspiron-15-3520-i5-n5i5122w1
Laptop Lenovo ThinkBook 14s G2 ITL i5 1135G7/8GB/512GBWin11 (20VA003NVN),18290000,Lenovo,Intel Core i5 Tiger Lake,8,14,Card tích hợp - Intel Iris Xe Graphics,SSD,"512 GB SSD NVMe PCIe (Có thể tháo ra, lắp thanh khác tối đa 1 TB (2280) / 512 GB (2242))",Windows 11 Home SL,1.27,,2021,Dienmayxanh,https://www.dienmayxanh.com/laptop/lenovo-thinkbook-14s-g2-itl-i5-20va003nvn
Laptop Dell Vostro 3400 i5 1135G7/8GB/256GB/OfficeHS/Win11 (70270645),18290000,Dell,Intel Core i5 Tiger Lake,8,14,Card tích hợp - Intel Iris Xe Graphics,SSD,Hỗ trợ khe cắm HDD SATA 2.5 inch mở rộng (nâng cấp tối đa 2 TB),Windows 11 Home SL + Office Home & Student vĩnh viễn,1.64,,2021,Dienmayxanh,https://www.dienmayxanh.com/laptop/dell-vostro-3400-i5-70270645
Laptop Asus VivoBook A515EA OLED i5 1135G7/8GB/512GB/Win11 (L12032W),18090000,Asus,Intel Core i5 Tiger Lake,8,15.6,Card tích hợp - Intel Iris Xe Graphics,SSD,Hỗ trợ thêm 1 khe cắm HDD SATA (nâng cấp tối đa 1 TB),Windows 11 Home SL,1.8,,2021,Dienmayxanh,https://www.dienmayxanh.com/laptop/asus-vivobook-a515ea-oled-i5-l12032w
Laptop Lenovo ThinkBook 14s G2 ITL i5 1135G7/8GB/512GB/Win10 (20VA000NVN),17990000,Lenovo,Intel Core i5 Tiger Lake,8,14,Card tích hợp - Intel Iris Xe Graphics,SSD,512 GB SSD NVMe PCIe,Windows 10 Home SL,1.27,,2020,Dienmayxanh,https://www.dienmayxanh.com/laptop/lenovo-thinkbook-14s-g2-itl-i5-20va000nvn
Laptop HP Pavilion 14 dv2033TU i5 1235U/8GB/512GB/Win11 (6K769PA),18990000,HP,Intel Core i5 Tiger Lake,8,14,Card tích hợp - Intel Iris Xe Graphics,SSD,"512 GB SSD NVMe PCIe (Có thể tháo ra, lắp thanh khác tối đa 2 TB (Gen 3) / 1 TB (Gen 4))",Windows 11 Home SL,1.41,,2022,Dienmayxanh,https://www.dienmayxanh.com/laptop/hp-pavilion-14-dv2033tu-i5-6k769pa
Laptop Asus VivoBook X515EA i7 1165G7/8GB/512GB/Win11 (EJ1918W),17930000,Asus,Intel Core i7 Tiger Lake,8,15.6,Card tích hợp - Intel Iris Xe Graphics,SSD,Hỗ trợ thêm 1 khe cắm HDD SATA (nâng cấp tối đa 1 TB),Windows 11 Home SL,1.8,,2021,Dienmayxanh,https://www.dienmayxanh.com/laptop/asus-vivobook-x515ea-i7-ej1918w
Laptop Lenovo ThinkBook 15 G2 ITL i5 1135G7/8GB/512GB/Win11 (20VE00UNVN),17890000,Lenovo,Intel Core i5 Tiger Lake,8,15.6,Card tích hợp - Intel Iris Xe Graphics,SSD,Hỗ trợ khe cắm HDD SATA 2.5 inch mở rộng (nâng cấp tối đa 2 TB),Windows 11 Home SL,1.7,,2021,Dienmayxanh,https://www.dienmayxanh.com/laptop/lenovo-thinkbook-15-g2-itl-i5-20ve00unvn
Laptop Asus Vivobook 14 X1402ZA i5 1240P/8GB/512GB/Win11 (EK083W),17590000,Asus,Intel Core i5 Tiger Lake,8,14,Card tích hợp - Intel UHD Graphics (Iris Xe Graphics chỉ hoạt động với RAM kênh đôi),SSD,512 GB SSD NVMe PCIe,Windows 11 Home SL,1.5,,2022,Dienmayxanh,https://www.dienmayxanh.com/laptop/asus-vivobook-14-x1402za-i5-ek083w
Laptop Lenovo Ideapad 5 14IAL7 i5 1235U/8GB/512GB/Win11 (82SD0060VN),17590000,Lenovo,Intel Core i5 Tiger Lake,8,14,Card tích hợp - Intel Iris Xe Graphics,SSD,"512 GB SSD NVMe PCIe (Có thể tháo ra, lắp thanh khác tối đa 1 TB (2280) / 512 GB (2242))",Windows 11 Home SL,1.44,,2022,Dienmayxanh,https://www.dienmayxanh.com/laptop/lenovo-ideapad-5-14ial7-i5-82sd0060vn
Laptop HP Pavilion 15 eg2059TU i5 1240P/8GB/256GB/Win11 (6K789PA),17990000,HP,Intel Core i5 Tiger Lake,8,15.6,Card tích hợp - Intel Iris Xe Graphics,SSD,256 GB SSD NVMe PCIe,Windows 11 Home SL,1.72,,2022,Dienmayxanh,https://www.dienmayxanh.com/laptop/hp-pavilion-15-eg2059tu-i5-6k789pa
Laptop HP Pavilion 15 eg2059TU i5 1240P/8GB/256GB/Win11 (6K789PA),17990000,HP,Intel Core i5 Tiger Lake,8,15.6,Card tích hợp - Intel Iris Xe Graphics,SSD,256 GB SSD NVMe PCIe,Windows 11 Home SL,1.72,,2022,Dienmayxanh,https://www.dienmayxanh.com/laptop/hp-pavilion-15-eg2059tu-i5-6k789pa
Laptop Asus VivoBook S533EA i5 1135G7/8GB/512GB/Win11 (BN462W),17130000,Asus,Intel Core i5 Tiger Lake,8,15.6,Card tích hợp - Intel Iris Xe Graphics,SSD,512 GB SSD NVMe PCIe,Windows 11 Home SL,1.8,,2021,Dienmayxanh,https://www.dienmayxanh.com/laptop/asus-vivobook-s533ea-i5-bn462w
Laptop Asus VivoBook S433EA i5 1135G7/8GB/512GB/Win11 (AM2307W),17130000,Asus,Intel Core i5 Tiger Lake,8,14,Card tích hợp - Intel Iris Xe Graphics,SSD,512 GB SSD NVMe PCIe,Windows 11 Home SL,1.4,,2022,Dienmayxanh,https://www.dienmayxanh.com/laptop/asus-vivobook-s433ea-i5-am2307w
Laptop Dell Vostro 3405 R5 3500U/8GB/512GB/Office H&S/Win11 (V4R53500U003W1),16990000,Dell,AMD Ryzen 5,8,14,Card tích hợp - AMD Radeon Vega 8 Graphics,SSD,Hỗ trợ khe cắm HDD SATA (nâng cấp tối đa 2 TB),Windows 11 Home SL + Office Home & Student vĩnh viễn,1.7,,2021,Dienmayxanh,https://www.dienmayxanh.com/laptop/dell-vostro-3405-r5-v4r53500u003w1
Laptop Acer Aspire 3 A315 57G 573F i5 1035G1/8GB/512GB/2GB MX330/Win11 (NX.HZRSV.00B),16990000,Acer,Intel Core i5 Ice Lake,8,15.6,"Card rời - NVIDIA GeForce MX330, 2 GB",SSD,Hỗ trợ khe cắm HDD SATA (nâng cấp tối đa 2 TB),Windows 11 Home SL,1.9,,2021,Dienmayxanh,https://www.dienmayxanh.com/laptop/acer-aspire-3-a315-57g-573f-i5-nxhzrsv00b
Laptop Acer Aspire 3 A315 58 59LY i5 1135G7/8GB/512GB/Win11 (NX.ADDSV.00G),16990000,Acer,Intel Core i5 Tiger Lake,8,15.6,Card tích hợp - Intel Iris Xe Graphics,SSD,Hỗ trợ khe cắm HDD SATA (nâng cấp tối đa 2 TB),Windows 11 Home SL,1.7,,2021,Dienmayxanh,https://www.dienmayxanh.com/laptop/acer-aspire-3-a315-58-59ly-i5-nxaddsv00g
Surface Laptop Go i5 1035G1/8GB/128GB/Touch/Win10,16490000,Surface,Intel Core i5 Ice Lake,8,12.4,Card tích hợp - Intel UHD Graphics,SSD,"Không hỗ trợ nâng cấp, không hỗ trợ thêm khe cắm mở rộng nào khác",Windows 10 Home SL,1.11,,2020,Dienmayxanh,https://www.dienmayxanh.com/laptop/surface-go-i5-thh00001
Laptop HP 240 G9 i5 1235U/8GB/256GB/Win11 (6L1Y1PA),17590000,HP,Intel Core i5 Ice Lake,8,14,Card tích hợp - Intel UHD Graphics (Iris Xe Graphics chỉ hoạt động với RAM kênh đôi),SSD,"256 GB SSD NVMe PCIe (Có thể tháo ra, lắp thanh khác tối đa 1 TB)",Windows 11 Home SL,1.47,,2022,Dienmayxanh,https://www.dienmayxanh.com/laptop/hp-240-g9-i5-6l1y1pa
Laptop HP Pavilion X360 14 ek0059TU i3 1215U/8GB/256GB/Touch/Win11 (6K7E1PA),16590000,HP,Intel Core i5 Ice Lake,8,14,Card tích hợp - Intel UHD Graphics,SSD,256 GB SSD NVMe PCIe,Windows 11 Home SL,1.517,,2022,Dienmayxanh,https://www.dienmayxanh.com/laptop/hp-pavilion-x360-14-ek0059tu-i3-6k7e1pa
Laptop Asus VivoBook 15X OLED A1503ZA i3 1220P/8GB/256GB/Win11 (L1152W),16190000,Asus,Intel Core i5 Ice Lake,8,15.6,Card tích hợp - Intel UHD Graphics,SSD,256 GB SSD NVMe PCIe,Windows 11 Home SL,1.7,,2022,Dienmayxanh,https://www.dienmayxanh.com/laptop/asus-vivobook-15x-oled-a1503za-i3-l1152w
Laptop Lenovo Ideapad 3 15IAU7 i5 1235U/8GB/512GB/Win11 (82RK001PVN),16090000,Lenovo,Intel Core i5 Ice Lake,8,15.6,Card tích hợp - Intel UHD Graphics (Iris Xe Graphics chỉ hoạt động với RAM kênh đôi),SSD,"512 GB SSD NVMe PCIe (Có thể tháo ra, lắp thanh khác tối đa 1 TB)",Windows 11 Home SL,1.63,,2022,Dienmayxanh,https://www.dienmayxanh.com/laptop/lenovo-ideapad-3-15iau7-i5-82rk001pvn
Laptop Asus VivoBook X515EP i5 1135G7/8GB/512GB/2GB MX330/Win11 (BQ400W),,Asus,Intel Core i5 Tiger Lake,8,15.6,"Card rời - NVIDIA GeForce MX330, 2 GB",SSD,Hỗ trợ thêm 1 khe cắm HDD SATA (nâng cấp tối đa 1 TB),Windows 11 Home SL,1.8,,2021,Dienmayxanh,https://www.dienmayxanh.com/laptop/asus-vivobook-x515ep-i5-bq400w
Laptop Lenovo ThinkBook 14 G3 ACL R7 5700U/8GB/512GB/Win11 (21A200CSVN),15990000,Lenovo,AMD Ryzen 7,8,14,Card tích hợp - AMD Radeon Graphics,SSD,Hỗ trợ khe cắm HDD SATA 2.5 inch mở rộng (nâng cấp tối đa 2 TB),Windows 11 Home SL,1.4,,2022,Dienmayxanh,https://www.dienmayxanh.com/laptop/lenovo-thinkbook-14-g3-acl-r7-21a200csvn
Laptop Acer Aspire A514 54 5127 i5 1135G7/8GB/512GB/Win11 (NX.A28SV.007),15990000,Acer,Intel Core i5 Tiger Lake,8,14,Card tích hợp - Intel Iris Xe Graphics,SSD,Hỗ trợ khe cắm HDD SATA (nâng cấp tối đa 2 TB),Windows 11 Home SL,1.46,,2021,Dienmayxanh,https://www.dienmayxanh.com/laptop/acer-aspire-a514-54-5127-i5-nxa28sv007
Laptop Asus VivoBook X415EA i5 1135G7/8GB/512GB/Win11 (EB637W),15390000,Asus,Intel Core i5 Tiger Lake,8,14,Card tích hợp - Intel Iris Xe Graphics,SSD,Hỗ trợ khe cắm HDD SATA,Windows 11 Home SL,1.55,,2021,Dienmayxanh,https://www.dienmayxanh.com/laptop/asus-vivobook-x415ea-i5-eb637w
Laptop Asus Vivobook 14X A1403ZA i3 1220P/8GB/512GB/Win11 (LY143W),15190000,Asus,Intel Core i5 Tiger Lake,8,14,Card tích hợp - Intel UHD Graphics,SSD,512 GB SSD NVMe PCIe,Windows 11 Home SL,1.6,,2022,Dienmayxanh,https://www.dienmayxanh.com/laptop/asus-vivobook-14x-a1403za-i3-ly143w
Laptop HP Pavilion 15 eg2062TU i3 1215U/8GB/256GB/Win11 (6K790PA),14990000,HP,Intel Core i5 Tiger Lake,8,15.6,Card tích hợp - Intel UHD Graphics,SSD,256 GB SSD NVMe PCIe,Windows 11 Home SL,1.74,,2022,Dienmayxanh,https://www.dienmayxanh.com/laptop/hp-pavilion-15-eg2062tu-i3-6k790pa
Laptop HP Pavilion X360 14 dy0171TU i3 1125G4/4GB/512GB/Touch/Win11 (4Y1D6PA),14490000,HP,Intel Core i3 Tiger Lake,4,14,Card tích hợp - Intel UHD Graphics,SSD,"512 GB SSD NVMe PCIe (Có thể tháo ra, lắp thanh khác tối đa 1 TB)",Windows 11 Home SL,1.525,,2021,Dienmayxanh,https://www.dienmayxanh.com/laptop/hp-pavilion-x360-14-dy0171tu-i3-4y1d6pa
Laptop Lenovo IdeaPad 3 14ITL6 i5 1135G7/8GB/512GB/Win11 (82H700WAVN),14490000,Lenovo,Intel Core i5 Tiger Lake,8,14,Card tích hợp - Intel Iris Xe Graphics,SSD,Hỗ trợ thêm 1 khe cắm HDD SATA (nâng cấp tối đa 1 TB),Windows 11 Home SL,1.41,,2021,Dienmayxanh,https://www.dienmayxanh.com/laptop/lenovo-ideapad-3-14itl6-i5-82h700wavn
Laptop HP 14s fq1065AU R5 5500U/8GB/512GB/Win11 (4K0Z5PA),,HP,AMD Ryzen 5,8,14,Card tích hợp - AMD Radeon Graphics,SSD,Hỗ trợ thêm 1 khe cắm HDD SATA (nâng cấp tối đa 1 TB),Windows 11 Home SL,1.47,,2021,Dienmayxanh,https://www.dienmayxanh.com/laptop/hp-14s-fq1065au-r5-4k0z5pa-win11
Laptop HP Pavilion X360 14 dy0161TU i3 1125G4/4GB/512GB/Touch/Win11 (4Y1D2PA),13990000,HP,Intel Core i3 Tiger Lake,4,14,Card tích hợp - Intel UHD Graphics,SSD,"512 GB SSD NVMe PCIe (Có thể tháo ra, lắp thanh khác tối đa 1 TB)",Windows 11 Home SL,1.525,,2021,Dienmayxanh,https://www.dienmayxanh.com/laptop/hp-pavilion-x360-14-dy0161tu-i3-4y1d2pa
Laptop Acer Aspire 3 A315 58 358E i3 1115G4/8GB/512GB/Win11 (NX.ADDSV.00F),13990000,Acer,Intel Core i3 Tiger Lake,8,15.6,Card tích hợp - Intel UHD Graphics,SSD,Hỗ trợ khe cắm HDD SATA 2.5 inch mở rộng (nâng cấp tối đa 2 TB),Windows 11 Home SL,1.7,,2021,Dienmayxanh,https://www.dienmayxanh.com/laptop/acer-aspire-3-a315-58-358e-i3-nxaddsv00f
Laptop Lenovo Ideapad 3 15ITL6 i5 1135G7/8GB/512GB/Win11 (82H801P9VN),,Lenovo,Intel Core i5 Tiger Lake,8,15.6,Card tích hợp - Intel Iris Xe Graphics,SSD,"512 GB SSD NVMe PCIe (Có thể tháo ra, lắp thanh khác tối đa 1 TB (2280) / 512 GB (2242))",Windows 11 Home SL,1.65,,2021,Dienmayxanh,https://www.dienmayxanh.com/laptop/lenovo-ideapad-3-15itl6-i5-82h801p9vn
Laptop Asus Vivobook 14 X1402ZA i3 1220P/4GB/512GB/Win11 (EK249W),13690000,Asus,Intel Core i5 Tiger Lake,4,14,Card tích hợp - Intel UHD Graphics,SSD,512 GB SSD NVMe PCIe,Windows 11 Home SL,1.5,,2022,Dienmayxanh,https://www.dienmayxanh.com/laptop/asus-vivobook-14-x1402za-i3-ek249w
Laptop HP 340s G7 i3 1005G1/4GB/512GB/Win10 (224L1PA),13690000,HP,Intel Core i3 Ice Lake,4,14,Card tích hợp - Intel UHD Graphics,SSD,512 GB SSD NVMe PCIe,Windows 10 Home SL,1.346,,2020,Dienmayxanh,https://www.dienmayxanh.com/laptop/hp-340s-g7-i3-224l1pa
Laptop Lenovo Ideapad 3 15IAU7 i3 1215U/8GB/512GB/Win11 (82RK001MVN),13290000,Lenovo,Intel Core i3 Ice Lake,8,15.6,Card tích hợp - Intel UHD Graphics,SSD,"512 GB SSD NVMe PCIe (Có thể tháo ra, lắp thanh khác tối đa 1 TB)",Windows 11 Home SL,1.63,,2022,Dienmayxanh,https://www.dienmayxanh.com/laptop/lenovo-ideapad-3-15iau7-i3-82rk001mvn
Laptop HP Pavilion 15 eg0541TU i3 1125G4/4GB/512GB/Win11 (4P5G8PA),13170000,HP,Intel Core i3 Tiger Lake,4,15.6,Card tích hợp - Intel UHD Graphics,SSD,512 GB SSD NVMe PCIe,Windows 11 Home SL,1.682,,2021,Dienmayxanh,https://www.dienmayxanh.com/laptop/hp-pavilion-15-eg0541tu-i3-4p5g8pa
Laptop Dell Vostro 3400 i3 1115G4/8GB/256GB/Office H&S/Win11 (70270644),12990000,Dell,Intel Core i3 Tiger Lake,8,14,Card tích hợp - Intel UHD Graphics,SSD,Hỗ trợ khe cắm HDD SATA (nâng cấp tối đa 2 TB),Windows 11 Home SL + Office Home & Student vĩnh viễn,1.64,,2021,Dienmayxanh,https://www.dienmayxanh.com/laptop/dell-vostro-3400-i3-70270644
Laptop HP Pavilion X360 14 dy0172TU i3 1125G4/4GB/256GB/Touch/Win11 (4Y1D7PA),12990000,HP,Intel Core i3 Tiger Lake,4,14,Card tích hợp - Intel UHD Graphics,SSD,"256 GB SSD NVMe PCIe (Có thể tháo ra, lắp thanh khác tối đa 1 TB)",Windows 11 Home SL,1.525,,2021,Dienmayxanh,https://www.dienmayxanh.com/laptop/hp-pavilion-x360-14-dy0172tu-i3-4y1d7pa
Laptop Acer Aspire 3 A315 58 382Z i3 1115G4/8GB/256GB/Win11 (NX.ADDSV.00K),12990000,Acer,Intel Core i3 Tiger Lake,8,15.6,Card tích hợp - Intel UHD Graphics,SSD,Hỗ trợ khe cắm HDD SATA (nâng cấp tối đa 2 TB),Windows 11 Home SL,1.7,,2021,Dienmayxanh,https://www.dienmayxanh.com/laptop/acer-aspire-3-a315-58-382z-i3-nxaddsv00k
Laptop Dell Vostro 3420 i3 1115G4/8GB/256GB/OfficeHS/Win11 (70283384),12990000,Dell,Intel Core i3 Tiger Lake,8,14,Card tích hợp - Intel UHD Graphics,SSD,"256 GB SSD NVMe PCIe (Có thể tháo ra, lắp thanh khác tối đa 2 TB (2280) / 1 TB (2230))",Windows 11 Home SL + Office Home & Student vĩnh viễn,1.49,,2022,Dienmayxanh,https://www.dienmayxanh.com/laptop/dell-vostro-3420-i3-70283384
Laptop Asus VivoBook A415EA i3 1115G4/8GB/512GB/Win11 (AM2428W),12990000,Asus,Intel Core i3 Tiger Lake,8,14,Card tích hợp - Intel UHD Graphics,SSD,Hỗ trợ thêm 1 khe cắm SSD M.2 PCIe mở rộng (nâng cấp tối đa 1 TB),Windows 11 Home SL,1.4,,2022,Dienmayxanh,https://www.dienmayxanh.com/laptop/asus-vivobook-a415ea-i3-am2428w
Laptop Acer Aspire A315 57G 32QP i3 1005G1/4GB/256GB/2GB MX330/Win11 (NX.HZRSV.00A),12490000,Acer,Intel Core i3 Ice Lake,4,15.6,"Card rời - NVIDIA GeForce MX330, 2 GB",SSD,"256 GB SSD NVMe PCIe (Có thể tháo ra, lắp thanh khác tối đa 512 GB)",Windows 11 Home SL,1.9,,2021,Dienmayxanh,https://www.dienmayxanh.com/laptop/acer-aprise-a315-57g-32qp-i3-nxhzrsv00a
Laptop Dell Inspiron 15 3511 i3 1115G4/8GB/256GB/OfficeHS/Win11 (P112F001EBL),12390000,Dell,Intel Core i3 Tiger Lake,8,15.6,Card tích hợp - Intel UHD Graphics,SSD,Hỗ trợ khe cắm HDD SATA 2.5 inch mở rộng (nâng cấp tối đa 2 TB),Windows 11 Home SL + Office Home & Student vĩnh viễn,1.79,,2021,Dienmayxanh,https://www.dienmayxanh.com/laptop/dell-inspiron-15-3511-i3-p112f001ebl
Laptop Dell Vostro 3510 i3 1115G4/8GB/256GB/Office H&S/Win11 (V5I3305W),12390000,Dell,Intel Core i3 Tiger Lake,8,15.6,Card tích hợp - Intel UHD Graphics,SSD,"256 GB SSD NVMe PCIe (Có thể tháo ra, lắp thanh khác tối đa 2TB (2280) / 1TB (2230))",Windows 11 Home SL + Office Home & Student vĩnh viễn,1.69,,2021,Dienmayxanh,https://www.dienmayxanh.com/laptop/dell-vostro-3510-i3-v5i3305w
Laptop HP Pavilion 15 eg0542TU i3 1125G4/4GB/256GB/Win11 (4P5G9PA),12270000,HP,Intel Core i3 Tiger Lake,4,15.6,Card tích hợp - Intel UHD Graphics,SSD,"256 GB SSD NVMe PCIe (Có thể tháo ra, lắp thanh khác tối đa 1 TB)",Windows 11 Home SL,1.682,,2021,Dienmayxanh,https://www.dienmayxanh.com/laptop/hp-pavilion-15-eg0542tu-i3-4p5g9pa
Laptop HP 240 G8 i3 1115G4/8GB/256GB/Win11 (6L1A1PA),12190000,HP,Intel Core i3 Tiger Lake,8,14,Card tích hợp - Intel UHD Graphics,SSD,"256 GB SSD NVMe PCIe (Có thể tháo ra, lắp thanh khác tối đa 1 TB)",Windows 11 Home SL,1.47,,2022,Dienmayxanh,https://www.dienmayxanh.com/laptop/hp-240-g8-i3-6l1a1pa
Laptop Acer Aspire 3 A315 57 379K i3 1005G1/4GB/256GB/Win11 (NX.KAGSV.001),11990000,Acer,Intel Core i3 Ice Lake,4,15.6,Card tích hợp - Intel UHD Graphics,SSD,Hỗ trợ khe cắm HDD SATA 2.5 inch mở rộng (nâng cấp tối đa 2 TB),Windows 11 Home SL,1.7,,2021,Dienmayxanh,https://www.dienmayxanh.com/laptop/acer-aspire-3-a315-57-379k-i3-nxkagsv001
Laptop HP Pavilion 14 dv0520TU i3 1125G4/4GB/256GB/Win11 (46L92PA),11970000,HP,Intel Core i3 Tiger Lake,4,14,Card tích hợp - Intel UHD Graphics,SSD,Không hỗ trợ khe cắm HDD,Windows 11 Home SL,1.41,,2021,Dienmayxanh,https://www.dienmayxanh.com/laptop/hp-pavilion-14-dv0520tu-i3-win11-46l92pa
Laptop CHUWI CoreBook X i5 8259U/16GB/512GB/Win10,15490000,Chuwi,Intel Core i5 Coffee Lake,16,14,Card tích hợp - Intel Iris Plus Graphics 655,SSD,Hỗ trợ khe cắm SSD M.2 SATA3 (nâng cấp tối đa 1 TB),Windows 10 Home SL,1.5,,2021,Dienmayxanh,https://www.dienmayxanh.com/laptop/chuwi-corebook-x-i5-8259u
Laptop HP 14s fq1066AU R5 5500U/8GB/256GB/Win11 (4K0Z6PA),11330000,HP,AMD Ryzen 5,8,14,Card tích hợp - AMD Radeon Graphics,SSD,Hỗ trợ khe cắm SSD M.2 SATA3 (nâng cấp tối đa 1 TB),Windows 11 Home SL,1.47,,2021,Dienmayxanh,https://www.dienmayxanh.com/laptop/hp-14s-fq1066au-r5-4k0z6pa
Laptop Asus VivoBook X515EA i3 1115G4/8GB/256GB/Win11 (BR2046W),11190000,Asus,Intel Core i3 Tiger Lake,8,15.6,Card tích hợp - Intel UHD Graphics,SSD,Hỗ trợ thêm 1 khe cắm HDD SATA (nâng cấp tối đa 1 TB),Windows 11 Home SL,1.8,,2022,Dienmayxanh,https://www.dienmayxanh.com/laptop/asus-vivobook-x515ea-i3-br2046w
Laptop Asus VivoBook X415EA i3 1115G4/4GB/512GB/Win11 (EB638W),10990000,Asus,Intel Core i3 Tiger Lake,4,14,Card tích hợp - Intel UHD Graphics,SSD,Hỗ trợ khe cắm HDD SATA,Windows 11 Home SL,1.55,,2021,Dienmayxanh,https://www.dienmayxanh.com/laptop/asus-vivobook-x415ea-i3-eb638w
Laptop Dell Inspiron 15 3515 R3 3250U/8GB/256GB/Office H&S/Win11 (G6GR71),10990000,Dell,AMD Ryzen 3,8,15.6,Card tích hợp - AMD Radeon Graphics,SSD,256 GB SSD NVMe PCIe,Windows 11 Home SL + Office Home & Student vĩnh viễn,1.81,,2021,Dienmayxanh,https://www.dienmayxanh.com/laptop/dell-inspiron-15-3515-r3-g6gr71
Laptop HP 245 G8 R5 5500U/8GB/256GB/Win11 (61C65PA),10990000,HP,AMD Ryzen 5,8,14,Card tích hợp - AMD Radeon Graphics,SSD,"256 GB SSD NVMe PCIe (Có thể tháo ra, lắp thanh khác tối đa 1 TB)",Windows 11 Home SL,1.47,,2021,Dienmayxanh,https://www.dienmayxanh.com/laptop/hp-245-g8-r5-61c65pa
Laptop Asus BR1100FKA N6000/4GB/128GB/Touch/Win10 (BP0660T),10490000,Asus,Intel Pentium,4,11.6,Card tích hợp - Intel UHD Graphics,SSD,128GB eMMC,Windows 10 Home,1.4,,2021,Dienmayxanh,https://www.dienmayxanh.com/laptop/asus-br1100fka-n6000-bp0660t
Laptop Acer Aspire 3 A314 35 P6NC N6000/4GB/512GB/Win11 (NX.A7SSV.006),,Acer,Intel Pentium,4,14,Card tích hợp - Intel UHD Graphics,SSD,Hỗ trợ khe cắm HDD SATA,Windows 11 Home SL,1.45,,2021,Dienmayxanh,https://www.dienmayxanh.com/laptop/acer-aspire-3-a314-35-p6nc-nxa7ssv006
Laptop HP 240 G8 i3 1005G1/4GB/512GB/Win10 (519A5PA),9590000,HP,Intel Core i3 Ice Lake,4,14,Card tích hợp - Intel UHD Graphics,SSD,Hỗ trợ thêm 1 khe cắm SSD M.2 PCIe mở rộng (nâng cấp tối đa 2 TB),Windows 10 Home SL,1.414,,2021,Dienmayxanh,https://www.dienmayxanh.com/laptop/hp-240-g8-i3-519a5pa
Laptop HP 240 G8 i3 1005G1/4GB/512GB/Win10 (519A8PA),9590000,HP,Intel Core i3 Ice Lake,4,14,Card tích hợp - Intel UHD Graphics,SSD,512 GB SSD NVMe PCIe,Windows 10 Home SL,1.47,,2021,Dienmayxanh,https://www.dienmayxanh.com/laptop/hp-240-g8-i3-519a8pa
Laptop CHUWI LarkBook X N5100/8GB/256GB/Win10,12190000,Chuwi,Intel Celeron,8,14,Card tích hợp - Intel UHD Graphics,SSD,Hỗ trợ khe cắm SSD M.2 SATA3 (nâng cấp tối đa 1 TB),Windows 10 Home SL,1.4,,2021,Dienmayxanh,https://www.dienmayxanh.com/laptop/chuwi-larkbook-x-n5100
Laptop Asus ExpertBook P2451F i3 10110U/4GB/256GB/Win10 (BV3136T),9590000,Asus,Intel Core i3 Comet Lake,4,14,Card tích hợp - Intel UHD Graphics,SSD,Hỗ trợ khe cắm HDD SATA,Windows 10 Home SL,1.52,,2022,Dienmayxanh,https://www.dienmayxanh.com/laptop/asus-expertbook-p2451f-i3-bv3136t
Laptop HP 245 G8 R3 5300U/4GB/256GB/Win11 (63T27PA),9090000,HP,AMD Ryzen 3,4,14,Card tích hợp - AMD Radeon Graphics,SSD,Hỗ trợ thêm 1 khe cắm HDD SATA (nâng cấp tối đa 1 TB),Windows 11 Home SL,1.47,,2021,Dienmayxanh,https://www.dienmayxanh.com/laptop/hp-245-r3-win11-63t27pa
Laptop Asus VivoBook X515KA N6000/4GB/256GB/Win11 (BR109W),9090000,Asus,Intel Pentium,4,15.6,Card tích hợp - Intel UHD Graphics,SSD,Hỗ trợ khe cắm HDD SATA,Windows 11 Home SL,1.8,,2022,Dienmayxanh,https://www.dienmayxanh.com/laptop/asus-vivobook-x515ka-n6000-br109w
Laptop HP 14s fq1080AU R3 5300U/4GB/256GB/Win11 (4K0Z7PA),8990000,HP,AMD Ryzen 3,4,14,Card tích hợp - AMD Radeon Graphics,SSD,Hỗ trợ khe cắm HDD SATA,Windows 11 Home SL,1.47,,2021,Dienmayxanh,https://www.dienmayxanh.com/laptop/hp-14s-fq1080au-r3-4k0z7pa-win11
Laptop HP 240 G8 N5030/4GB/256GB/Win10 (604K1PA),8490000,HP,Intel Pentium,4,14,Card tích hợp - Intel UHD Graphics 605,SSD,Hỗ trợ khe cắm HDD SATA (nâng cấp tối đa 2 TB),Windows 10 Home SL,1.47,,2021,Dienmayxanh,https://www.dienmayxanh.com/laptop/hp-240-g8-n5030-4gb-256gb-win10-604k1pa
Laptop itel SPIRIT 1 i5 8259U/8GB/256GB/Win11 (71006300036),7890000,itel,Intel Core i5 Coffee Lake,8,15.6,Card tích hợp - Intel Iris Plus Graphics 655,SSD,256 GB SSD M.2 SATA 3 (Có thể tháo ra lắp thanh khác tối đa 1 TB),Windows 11 Home SL,2.1,,2021,Dienmayxanh,https://www.dienmayxanh.com/laptop/itel-spirit-1-i5-71006300036
Laptop Asus VivoBook X515MA N4020/4GB/256GB/Win11 (BR480W),7690000,Asus,Intel Celeron,4,15.6,Card tích hợp - Intel UHD Graphics 600,SSD,Hỗ trợ khe cắm HDD SATA (nâng cấp tối đa 2 TB),Windows 11 Home SL,1.8,,2021,Dienmayxanh,https://www.dienmayxanh.com/laptop/asus-vivobook-x515ma-n4020-br480w
Laptop CHUWI GemiBook J4125/8GB/256GB/Win10,9490000,Chuwi,Intel Celeron,8,13,Card tích hợp - Intel UHD Graphics 600,SSD,256 GB SSD,Windows 10 Home SL,1.34,,2021,Dienmayxanh,https://www.dienmayxanh.com/laptop/chuwi-gemibook-j4125
Laptop itel SPIRIT 1 i3 8109U/4GB/256GB/Win11 (71006300035),7090000,itel,Intel Core i3 Coffee Lake,4,15.6,Card tích hợp - Intel Iris Plus Graphics 655,SSD,256 GB SSD M.2 SATA 3 (Có thể tháo ra lắp thanh khác tối đa 1 TB),Windows 11 Home SL,2.1,,2021,Dienmayxanh,https://www.dienmayxanh.com/laptop/itel-spirit-1-i3-71006300035
Laptop Asus Vivobook X415MA N4020/4GB/256GB/Win11 (BV702W),6990000,Asus,Intel Celeron,4,14,Card tích hợp - Intel UHD Graphics 600,SSD,256 GB SSD NVMe PCIe,Windows 11 Home SL,1.6,,2021,Dienmayxanh,https://www.dienmayxanh.com/laptop/asus-vivobook-x415ma-n4020-bv702w
