Product,Price,Brand,Core,RAM,ScrSize,GraphicCard,Drive_Type,Capacity,OperSystem,Weight,Madein,Since,Shop,URL
"Laptop Gigabyte Gaming G5 GE-51VN263SH i5 12500H/8GB/512GB/15.6""FHD/GeForce RTX3050 4GB/Win11 (No.00836390)",22190000,Gigabyte,"Intel, Core i5, 12500H",8,15.6,NVIDIA GeForce RTX 3050 4GB; Intel Iris Xe Graphics,SDD,512,Windows 11 Home,1.9 kg,Trung Quốc,2022,FPTShop,https://fptshop.com.vn/may-tinh-xach-tay/gigabyte-gaming-g5-ge-i5-12500h-rtx3050
"Laptop Asus TUF Gaming FX517ZC-HN077W i5 12450H/8GB/512GB/15.6""FHD/NVIDIA GeForce RTX 3050 4GB/Win 11 (No.00800822)",24990000,Asus,"Intel, Core i5, 12450H",8,15.6,NVIDIA GeForce RTX 3050 4GB; Intel UHD Graphics,SDD,512,Windows 11 Home,2.0 kg,Trung Quốc,2022,FPTShop,https://fptshop.com.vn/may-tinh-xach-tay/asus-tuf-gaming-fx517zc-hn077w-i5-12450h
Laptop Lenovo IdeaPad Gaming 3 15IAH7 i5 12500H/16GB/512GB/15.6”FHD/GeForce RTX 3050 4GB/Win 11 (No.00828577),23990000,Lenovo,"Intel, Core i5, 12500H",16,15.6,NVIDIA GeForce RTX 3050 4GB,SDD,512,Windows 11 Home,2.25 kg,Trung Quốc,2022,FPTShop,https://fptshop.com.vn/may-tinh-xach-tay/lenovo-ideapad-gaming-3-15iah7-i5-12500h
"Laptop Asus TUF Gaming FX517ZE-HN045W i5 12450H/8GB/512GB/Geforce RTX 3050 Ti 4GB/15.6""FHD/Win 11 (No.00823171)",25190000,Asus,"Intel, Core i5, 12450H",8,15.6,NVIDIA GeForce RTX 3050 Ti 4 GB; Intel Iris Xe Graphics,SDD,512,Windows 11,2 kg,Trung Quốc,2022,FPTShop,https://fptshop.com.vn/may-tinh-xach-tay/asus-tuf-gaming-fx517ze-hn045w-i5-12450h
"Laptop Dell Inspiron 16 N5620 i5 1240P/16GB/512GB/16.0""FHD/GeForce MX570 2GB/Win 11 (No.00824411)",26990000,Dell,"Intel, Core i5, 1240P",16,16.0,Intel Iris Xe Graphics,SDD,512,Windows 11 Home Single Language,1.97 kg,Trung Quốc,2022,FPTShop,https://fptshop.com.vn/may-tinh-xach-tay/dell-inspiron-16-n5620-i5-1240p
"Laptop MSI Gaming Katana GF66 12UCK-805VN i7 12650H/8GB/512GB/15.6""FHD/GeForce RTX 3050 4GB/Win11_Balo (No.00842449)",25390000,MSI,"Intel, Core i7, 12650H",8,15.6,NVIDIA GeForce RTX 3050 4GB; Intel UHD Graphics,SDD,512,Windows 11,2.25 kg,Trung Quốc,2022,FPTShop,https://fptshop.com.vn/may-tinh-xach-tay/msi-gaming-katana-gf66-12uck-805vn-i7-12650h
"Laptop Lenovo Yoga Slim 7 Pro 14IHU5O i5 11300H/16GB/512GB/14""2.8K OLED/Win 11 (No.00825841)",23190000,Lenovo,"Intel, Core i5, 11300H",16,14.0,Intel Iris Xe Graphics,SDD,512,Windows 11,1.4 kg,Trung Quốc,2022,FPTShop,https://fptshop.com.vn/may-tinh-xach-tay/lenovo-yoga-slim-7-pro-14ihu5o-i5-11300h
"Laptop Lenovo IdeaPad 5 Pro 16IAH7 i7 12700H/16GB/512GB/16"" WQXGA/Win 11 (No.00833367)",25190000,Lenovo,"Intel, Core i7, 12700H",16,16.0,Intel Iris Xe Graphics,SDD,512,Windows 11 Home,1.95 kg,Trung Quốc,2022,FPTShop,https://fptshop.com.vn/may-tinh-xach-tay/lenovo-ideapad-5-pro-16iah7-i7-12700h
Laptop Asus Gaming TUF FX517ZM-HN480W i7 12650H/8GB/512GB/15.6FHD/GeForce RTX 3060 6GB/Win 11 (No.00833418),29690000,Asus,"Intel, Core i7, 12650H",8,15.6,NVIDIA GeForce RTX 3060 6GB; Intel UHD Graphics,SDD,512,Windows 11 Home,2 kg,Trung Quốc,2022,FPTShop,https://fptshop.com.vn/may-tinh-xach-tay/asus-gaming-tuf-fx517zm-hn480w-i7-12650h
"Laptop Acer Nitro Gaming AN515-58-52SP i5 12500H/8GB/512GB/15.6""FHD/NVIDIA GeForce RTX 3050 4GB/Win11 (No.00798025)",24490000,Acer,"Intel, Core i5, 12500H",8,15.6,NVIDIA GeForce RTX 3050 4GB; Intel Iris Xe Graphics,SDD,512,Windows 11 Home,2.5 kg,Trung Quốc,2022,FPTShop,https://fptshop.com.vn/may-tinh-xach-tay/acer-nitro-gaming-an515-58-52sp-i5-12500h
"Laptop Asus TUF Gaming FX506LHB-HN188W i5 10300H/8GB/512GB/15.6""FHD/GTX 1650 4GB/Win11 (No.00808460)",17990000,Asus,"Intel, Core i5, 10300H",8,15.6,NVIDIA GeForce GTX 1650 4GB; Intel UHD Graphics,SDD,512,Windows 11,2.3 kg,Trung Quốc,2022,FPTShop,https://fptshop.com.vn/may-tinh-xach-tay/asus-tuf-gaming-fx506lhb-hn188w-i5-10300h
"Laptop MSI Gaming GF63 Thin 11SC-1090VN i5 11400H/8GB/512GB/15.6""FHD/GeForce GTX 1650 4GB/Win11 (No.00836251)",18190000,MSI,"Intel, Core i5, 11400H",8,15.6,NVIDIA GeForce GTX 1650 4GB,SDD,512,Windows 11,1.86 kg,Trung Quốc,2022,FPTShop,https://fptshop.com.vn/may-tinh-xach-tay/msi-gaming-gf63-thin-11sc-1090vn-i5-11400h
"Laptop MSI Modern 14 B11MOU-1028VN i3 1115G4/8GB/256GB/14""FHD/Win11 (No.00793545)",11490000,MSI,"Intel, Core i3, 115G4",8,14.0,Intel UHD Graphics,SDD,256,Windows 11 Home Single Language,1.3 kg,Trung Quốc,2021,FPTShop,https://fptshop.com.vn/may-tinh-xach-tay/msi-modern-14-b11mou-1028vn-i3-1115g4
"Laptop HP 15s-fq2663TU i3 1115G4/4GB/256GB/15.6""HD/Win 11 (No.00832758)",10390000,HP,"Intel, Core i3, 1115G4",4,15.6,Intel UHD Graphics,SDD,256,Windows 11 Home Single Language,1.7 kg,Trung Quốc,2022,FPTShop,https://fptshop.com.vn/may-tinh-xach-tay/hp-15s-fq2663tu-i3-1115g4
"Laptop Asus Vivobook X515EA-BR2045W i3 1115G4/4GB/512GB/15.6""HD/Win 11 (No.00826501)",10690000,Asus,"Intel, Core i3, 1115G4",4,15.6,Intel UHD Graphics,SDD,512,Windows 11,1.8 kg,Trung Quốc,2022,FPTShop,https://fptshop.com.vn/may-tinh-xach-tay/asus-vivobook-x515ea-br2045w-i3-1115g4
"Laptop Asus Gaming ROG G513IC-HN729W R7 4800H/8GB/512GB/15.6"" FHD/GeForce RTX 3050 4GB/Win11 (No.00839752)",21990000,Asus,"AMD, Ryzen 7, 4800H",8,15.6,NVIDIA GeForce RTX 3050 4GB; AMD Radeon Graphics,SDD,512,Windows 11 Home,2.1 kg,Trung Quốc,2022,FPTShop,https://fptshop.com.vn/may-tinh-xach-tay/asus-gaming-rog-g513ic-hn729w-r7-4800h
"Laptop MSI Gaming GF63 Thin 11SC-663VN i7 11800H/8GB/512GB/15.6"" FHD/Geforce GTX 1650 MaxQ 4GB/Win 11 (No.00823167)",20490000,MSI,"Intel, Core i7, 11800H",8,15.6,NVIDIA GeForce GTX 1650 Max-Q 4GB; Intel UHD Graphics,SDD,512,Windows 11 Home Single Language,1.86 kg,Trung Quốc,2022,FPTShop,https://fptshop.com.vn/may-tinh-xach-tay/msi-gaming-gf63-thin-11sc-663vn-i7-11800h
"Laptop Acer Nitro Gaming AN515-57-54MV i5 11400H/8GB/512GB/15.6""FHD/NVIDIA GeForce RTX 3050 4GB/Win10 (No.00775122)",21490000,Acer,"Intel, Core i5, 11400H",8,15.6,NVIDIA GeForce RTX 3050 4GB; Intel UHD Graphics,SDD,512,Windows 11 Home,2.2 kg,Trung Quốc,2021,FPTShop,https://fptshop.com.vn/may-tinh-xach-tay/acer-nitro-gaming-an515-57-54mv-i5-11400h
"Laptop MSI GF63 Thin 11UC-444VN i5 11400H/8GB/512GB/15.6""FHD/NVIDIA GeForce RTX 3050 4GB/Win10/Balo (No.00793701)",20990000,MSI,"Intel, Core i5, 11400H",8,15.6,NVIDIA GeForce RTX 3050 4GB; Intel UHD Graphics,SDD,512,Windows 11 Home Single Language,1.86 kg,Trung Quốc,2021,FPTShop,https://fptshop.com.vn/may-tinh-xach-tay/msi-gf63-thin-11uc-444vn-i5-11400h
"Laptop Asus Vivobook M1403QA-LY022W R5 5600H/8GB/512GB/14""WUXGA/Win 11 (No.00828854)",14990000,Asus,"AMD, Ryzen 5, 5600H",8,14.0,AMD Radeon Graphics,SDD,512,Windows 11,1.6 kg,Trung Quốc,2022,FPTShop,https://fptshop.com.vn/may-tinh-xach-tay/asus-vivobook-m1403qa-ly022w-r5-5600h
"Laptop MSI Modern 15 A5M 235VN R7 5700U/8GB/512GB/15.6""FHD/Win 11 (No.00783935)",15990000,MSI,"AMD, Ryzen 7, 5700U",8,15.6,AMD Radeon Graphics,SDD,512,Windows 11 Home,1.6 kg,Trung Quốc,2021,FPTShop,https://fptshop.com.vn/may-tinh-xach-tay/msi-modern-15-a5m-235vn-r7-5700u
"Laptop Lenovo IdeaPad 3 14IAU7 i5-1235U/8GB/512GB/14"" FHD/Win 11 (No.00836269)",14990000,Lenovo,"Intel, Core i5, 1235U",8,14.0,Intel Iris Xe Graphics,SDD,512,Windows 11 Home,1.63 kg,Trung Quốc,2022,FPTShop,https://fptshop.com.vn/may-tinh-xach-tay/lenovo-ideapad-3-14iau7-i5-1235u
"Laptop HP Pavilion 15 eg2057TU i5 1240P/8GB/512GB/15.6""FHD/Win 11 (No.00825040)",17990000,HP,"Intel, Core i5, 1240P",8,15.6,Intel Iris Xe Graphics,SDD,512,Windows 11 Home Single Language,1.702 kg,Trung Quốc,2022,FPTShop,https://fptshop.com.vn/may-tinh-xach-tay/hp-pavilion-15-eg2057tu-i5-1240p
"Laptop Asus Vivobook M1503QA-L1026W R5 5600H/8GB/512GB/15.6""FHD/Win 11 (No.00828685)",16890000,Asus,"AMD, Ryzen 5, 5600H",8,15.6,AMD Radeon Graphics,SDD,512,Windows 11,1.7 kg,Trung Quốc,2022,FPTShop,https://fptshop.com.vn/may-tinh-xach-tay/asus-vivobook-m1503qa-l1026w-r5-5600h
"Laptop Lenovo IdeaPad 5 Pro 16IAH7 i5 12500H/16GB/512GB/16"" WQXGA/Win 11 (No.00833368)",22490000,Lenovo,"Intel, Core i5, 12500H",16,16.0,Intel Iris Xe Graphics,SDD,512,Windows 11 Home,1.95 kg,Trung Quốc,2022,FPTShop,https://fptshop.com.vn/may-tinh-xach-tay/lenovo-ideapad-5-pro-16iah7-i5-12500h
"Laptop MSI Modern 14 B11MOU-1031VN i7-1195G7/8GB/512GB/14""FHD/Win11 (No.00798260)",17990000,MSI,"Intel, Core i7, 1195G7",8,14.0,Intel Iris Xe Graphics,SDD,512,Windows 10 Home Single Language,1.3 kg,Trung Quốc,2021,FPTShop,https://fptshop.com.vn/may-tinh-xach-tay/msi-modern-14-b11mou-1031vn-i7-1195g7
"Laptop HP Pavilion 14 dv2034TU i5 1235U/8GB/512GB/14""FHD/Win 11 (No.00820891)",17990000,HP,"Intel, Core i5, 1235U",8,14.0,Intel Iris Xe Graphics,SDD,512,Windows 11 Home,1.41 kg,Trung Quốc,2022,FPTShop,https://fptshop.com.vn/may-tinh-xach-tay/hp-pavilion-14-dv2034tu-i5-1235u
Laptop Lenovo ThinkBook 14 G2 ITL i5 1135G7/8GB/512GB/14”FHD/Win 11 (No.00825865),16990000,Lenovo,"Intel, Core i5, 1135G7",8,14.0,Intel Iris Xe Graphics,SDD,512,Windows 11 Home,1.4 kg,Trung Quốc,2022,FPTShop,https://fptshop.com.vn/may-tinh-xach-tay/lenovo-thinkbook-14-g2-itl-i5-1135g7
"Laptop MSI Gaming Katana GF66 12UCK-815VN i5 12450H/8GB/512GB/15.6""/GeForce RTX 3050 4GB/Win11_Balo (No.00842517)",23190000,MSI,"Intel, Core i5, 12450H",8,15.6,NVIDIA GeForce RTX 3050 4GB; Intel UHD Graphics,SDD,512,Windows 11 Home,2.25 kg,Trung Quốc,2022,FPTShop,https://fptshop.com.vn/may-tinh-xach-tay/ms-gaming-katana-gf66-12uck-815vn-i5-12450h
"Laptop Asus TUF Gaming FX507ZE-HN093W i7 12700H/8GB/512GB/GeForce RTX 3050 Ti 4GB/15.6""FHD/Win11 (No.00824251)",28990000,Asus,"Intel, Core i7, 12700H",8,15.6,NVIDIA GeForce RTX 3050 Ti 4 GB; Intel Iris Xe Graphics,SDD,512,Windows 11,2.2 kg,Trung Quốc,2022,FPTShop,https://fptshop.com.vn/may-tinh-xach-tay/asus-tuf-gaming-fx507ze-hn093w-i7-12700h
"Laptop Lenovo Gaming Legion 5 15ARH7 R5 6600H/8GB/512GB/15.6""FHD/GeForce RTX 3050 4GB/Win 11 (No.00826500)",28790000,Lenovo,"AMD, Ryzen 5, 6600H",8,15.6,NVIDIA GeForce RTX 3050 4GB; AMD Radeon Graphics,SDD,512,Windows 11 Home,2.35 kg,Trung Quốc,2022,FPTShop,https://fptshop.com.vn/may-tinh-xach-tay/lenovo-gaming-legion-5-15arh7-r5-6600h?card-do-hoa=rtx-3050
"Laptop Asus Vivobook A515EA-BQ3013W/i3-1115G4/8GB/256GB/15.6""FHD/Win 11 (No.00803001)",12490000,Asus,"Intel, Core i3, 1115G4",8,15.6,Intel UHD Graphics,SDD,256,Windows 11 Home,1.8 kg,Trung Quốc,2021,FPTShop,https://fptshop.com.vn/may-tinh-xach-tay/asus-vivobook-a515ea-bq3013w-i3-1115g4
"Laptop MSI Modern 14 B11MOU-1030VN i3 1115G4/8GB/256GB/14""FHD/Win 11 (No.00839723)",11490000,MSI,"Intel, Core i3, 1115G4",8,14.0,Intel UHD Graphics,SDD,256,Windows 10 Home,1.3 kg,Trung Quốc,2021,FPTShop,https://fptshop.com.vn/may-tinh-xach-tay/msi-modern-14-b11mou-1030vn-i3-1115g4
"Laptop MSI Gaming GF63 Thin 11SC-666VN i5 11400H/8GB/512GB/15.6""FHD/GeForce GTX 1650 4GB/Win 11 (No.00817149)",18390000,MSI,"Intel, Core i5, 11400H",8,15.6,NVIDIA GeForce GTX 1650 Max-Q 4GB; Intel UHD Graphics,SDD,512,Windows 11,1.86 kg,Trung Quốc,2022,FPTShop,https://fptshop.com.vn/may-tinh-xach-tay/msi-gaming-gf63-thin-11sc-666vn-i5-11400h
"Laptop Asus Expertbook B1400CEAE-EB3182W i5 1135G7/8GB/512GB/14.0""FHD/Win 11 (No.00834230)",16990000,Asus,"Intel, Core i5, 1135G7",8,14.0,Intel Iris Xe Graphics,SDD,512,Windows 11 Home,1452 g,Trung Quốc,2021,FPTShop,https://fptshop.com.vn/may-tinh-xach-tay/asus-expertbook-b1400ceae-eb3182w-i5-1135g7
"Laptop HP Pavilion 15 eg2058TU i5 1240P/8GB/256GB/15.6""FHD/Win 11 (No.00825038)",16390000,HP,"Intel, Core i5, 1240P",8,15.6,Intel Iris Xe Graphics,SDD,256,Windows 11 Home Single Language,1.702 kg,Trung Quốc,2022,FPTShop,https://fptshop.com.vn/may-tinh-xach-tay/hp-pavilion-15-eg2058tu-i5-1240p
"Laptop HP 15s-fq5080TU i5-1235U/8GB/256GB/15.6""FHD/Win 11 (No.00834182)",16390000,HP,"Intel, Core i5, 1235U",8,15.6,Intel Iris Xe Graphics,SDD,256,Windows 11 Home Single Language,1.69 kg,Trung Quốc,2022,FPTShop,https://fptshop.com.vn/may-tinh-xach-tay/hp-15s-fq5080tu-i5-1235u
"Laptop HP 15s-fq5145TU i7 1255U/8GB/256GB/15.6""FHD/Win 11 (No.00834184)",18290000,HP,"Intel, Core i7, 1255U",8,15.6,Intel Iris Xe Graphics,SDD,256,Windows 11 Home Single Language,1.69 kg,Trung Quốc,2022,FPTShop,https://fptshop.com.vn/may-tinh-xach-tay/hp-15s-fq5145tu-i7-1255u
"Laptop Asus Vivobook X415EA-EK1387W i3 1115G4/8GB/256GB/14"" FHD/Win 11 (No.00802992)",11490000,Asus,"Intel, Core i3, 1115G4",8,14.0,Intel UHD Graphics,SDD,256,Windows 11 Home,1.6 kg,Trung Quốc,2022,FPTShop,https://fptshop.com.vn/may-tinh-xach-tay/asus-vivobook-x415ea-ek1387w-i3-1115g4
"Laptop HP Pavilion 14 dv2035TU i5 1235U/8GB/256GB/14""FHD/Win 11 (No.00825047)",16190000,HP,"Intel, Core i5, 1235U",8,14.0,Intel Iris Xe Graphics,SDD,256,Windows 11 Home,1.41 kg,Trung Quốc,2022,FPTShop,https://fptshop.com.vn/may-tinh-xach-tay/hp-pavilion-14-dv2035tu-i5-1235u
"Laptop Dell Gaming G15 5515 R7 5800H/8GB/512GB/15.6""FHD/NVIDIA GeForce RTX 3050 4GB/Win 11/Office HS21 (No.00800168)",25490000,Dell,"AMD, Ryzen 7, 5800H",8,15.6,NVIDIA GeForce RTX 3050 4GB,SDD,512,Windows 11 Home,2.81 kg,Trung Quốc,10,FPTShop,https://fptshop.com.vn/may-tinh-xach-tay/dell-gaming-g15-5515-r7-5800h?he-dieu-hanh=win-11
"Laptop Dell Gaming G15 5511 i5 11400H/8GB/256GB/15.6""FHD/GeForce RTX 3050 4GB/Win 11/Office HS21 (No.00790251)",24990000,Dell,"Intel, Core i5, 11400H",8,15.6,NVIDIA GeForce RTX 3050 4GB; Intel UHD Graphics,SDD,256,Windows 11 Home,2.81 kg,Trung Quốc,2021,FPTShop,https://fptshop.com.vn/may-tinh-xach-tay/dell-gaming-g15-5511-i5-11400h?ram=ram-8gb
"Laptop Asus TUF Gaming FA507RC-HN051W R7 6800H/8GB/512GB/15.6""FHD/GeForce RTX 3050 4GB/Win 11 (No.00814963)",24890000,Asus,"AMD, Ryzen 7, 6800H",8,15.6,AMD Radeon Graphics,SDD,512,Windows 11,2.2 kg,Trung Quốc,2022,FPTShop,https://fptshop.com.vn/may-tinh-xach-tay/asus-tuf-gaming-fa507rc-hn051w-r7-6800h
"Laptop Lenovo Yoga 7 14ACN6 R7 5800U/8GB/512GB/14.0""FHD/Win 10 (No.00780897)",23990000,Lenovo,"AMD, Ryzen 7, 5800U",8,14.0,AMD Radeon Graphics,SDD,512,Windows 10 Home,1.45 kg,Trung Quốc,2021,FPTShop,https://fptshop.com.vn/may-tinh-xach-tay/lenovo-yoga-7-14acn6-r7-5800u?he-dieu-hanh=win-10
Laptop Lenovo Yoga 7 14ACN6 R5 5600U/8GB/512GB/14.0''FHD/Win 11 (No.00793543),22490000,Lenovo,"AMD, Ryzen 5, 5600U",8,14.0,AMD Radeon Graphics,SDD,512,Windows 11 Home,1.45 kg,Trung Quốc,2021,FPTShop,https://fptshop.com.vn/may-tinh-xach-tay/lenovo-yoga-7-14acn6-r5-5600u
Laptop Lenovo ThinkBook 15 G2 ITL i5 1135G7/8GB/512GB/15.6”FHD/MX450 2GB/Win 11 (No.00790276),21790000,Lenovo,"Intel, Core i5, 1135G7",8,15.6,NVIDIA GeForce MX450 2GB; Intel Iris Xe Graphics,SDD,512,Windows 11 Home,1.7 kg,Trung Quốc,2021,FPTShop,https://fptshop.com.vn/may-tinh-xach-tay/lenovo-thinkbook-15-g2-itl-i5-1135g7?he-dieu-hanh=win-11
"Laptop HP Pavilion 15 eg2055TU i7 1260P/8GB/512GB/15.6""FHD/Win 11 (No.00825045)",21790000,HP,"Intel, Core i7, 1260P",8,15.6,Intel Iris Xe Graphics,SDD,512,Windows 11 Home Single Language,1.72 kg,Trung Quốc,2022,FPTShop,https://fptshop.com.vn/may-tinh-xach-tay/hp-pavilion-15-eg2055tu-i7-1260p
"Laptop Dell Inspiron 14 N5420 i5 1235U/8GB/256GB/14.0"" FHD/Win 11+Office HS 21 (No.00820199)",21490000,Dell,"Intel, Core i5, 1235U",8,14.0,Intel Iris Xe Graphics,SDD,256,Windows 11 Home,1.55 kg,Trung Quốc,2022,FPTShop,https://fptshop.com.vn/may-tinh-xach-tay/dell-inspiron-14-n5420-i5-1235u?dung-luong=256gb
Laptop Acer Nitro Gaming AN515-57-5669 i5 11400H/8GB/512GB SSD/Nvidia GTX1650 4GB/Win11 (No.00789041),21490000,Acer,"Intel, Core i5, 11400H",8,15.6,NVIDIA GeForce GTX 1650 4GB; Intel UHD Graphics,SDD,512,Windows 11 Home,2.2 kg,Trung Quốc,2021,FPTShop,https://fptshop.com.vn/may-tinh-xach-tay/acer-nitro-gaming-an515-57-5669-i5-11400h
"Laptop HP Envy 13 ba1536TU i5 1135G7/8GB/512GB/13.3""FHD/Win 11 (No.00795239)",21190000,HP,"Intel, Core i5, 1135G7",8,13.3,Intel Iris Xe Graphics,SDD,512,Windows 11 Home Single Language,1.3 kg,Trung Quốc,2021,FPTShop,https://fptshop.com.vn/may-tinh-xach-tay/hp-envy-13-ba1536tu-i5-1135g7?he-dieu-hanh=win-11
"Laptop Dell Vostro V5410 i5 11320H/8GB/512GB/14.0""FHD/Win 11+Office HS21 (No.00791065)",21090000,Dell,"Intel, Core i5, 11320H",8,14.0,Intel Iris Xe Graphics,SDD,512,Windows 11 Home,1.442 kg,Trung Quốc,2021,FPTShop,https://fptshop.com.vn/may-tinh-xach-tay/dell-vostro-v5410-i5-11320h?he-dieu-hanh=win-11
HP Pavilion 14-dv2032TU i7 1255U/6K768PA (No.00825051),20990000,HP,"Intel, Core i7, 1255U",8,14.0,Intel Iris Xe Graphics,SDD,512,Windows 11 Home,1.41 kg,Trung Quốc,2022,FPTShop,https://fptshop.com.vn/may-tinh-xach-tay/hp-pavilion-14-dv2032tu-i7-1255u
"Laptop Asus TUF Gaming FX506HC-HN144W i5 11400H/8GB/512GB/15.6""FHD/NVIDIA GeForce RTX 3050 4GB/Win 11 (No.00807493)",20990000,Asus,"Intel, Core i5, 11400H",8,15.6,NVIDIA GeForce RTX 3050 4GB; Intel UHD Graphics,SDD,512,Windows 11,2.3 kg,Trung Quốc,2022,FPTShop,https://fptshop.com.vn/may-tinh-xach-tay/asus-tuf-gaming-fx506hc-hn144w-i5-11400h
"Laptop Asus TUF Gaming FX516PC - HN558W i5 11300H/8GB/512GB SSD/15.6""FHD/GeForce RTX3050 4GB/Win 11 (No.00813507)",20990000,Asus,"Intel, Core i5, 11300H",8,15.6,NVIDIA GeForce RTX 3050 4GB; Intel Iris Xe Graphics,SDD,512,Windows 11 Home,2 kg,Trung Quốc,2022,FPTShop,https://fptshop.com.vn/may-tinh-xach-tay/asus-tuf-gaming-fx516pc-hn558w-i5-11300h
"Laptop HP Gaming Victus 16-e0175AX R5 5600H/8GB/512GB/16.1""FHD/NVIDIA GeForce RTX 3050 Ti 4GB/Win 11 (No.00799890)",20590000,HP,"AMD, Ryzen 5, 5600H",8,16.1,NVIDIA GeForce RTX 3050 Ti 4 GB,SDD,512,Windows 11 Home,2.46 kg,Trung Quốc,2021,FPTShop,https://fptshop.com.vn/may-tinh-xach-tay/hp-gaming-victus-16-e0175ax-r5-5600h-rtx-3050ti
"Laptop HP Envy 13 ba1537TU i5 1135G7/8GB/256GB/13.3""FHD/Win 11 (No.00798267)",20390000,HP,"Intel, Core i5, 1135G7",8,13.3,Intel Iris Xe Graphics,SDD,256,Windows 11 Home Single Language,1.23 kg,Trung Quốc,2021,FPTShop,https://fptshop.com.vn/may-tinh-xach-tay/hp-envy-13-ba1537tu-i5-1135g7?he-dieu-hanh=win-11
"Laptop Dell Gaming G15 5515 R5 5600H/8GB/256GB/15.6""FHD/NVIDIA GeForce RTX 3050 4GB/Win11/Office HS21 (No.00808435)",19990000,Dell,"AMD, Ryzen 5, 5600H",8,15.6,NVIDIA GeForce RTX 3050 4GB,SDD,256,Windows 11 Home Single Language,2.81 kg,Trung Quốc,2021,FPTShop,https://fptshop.com.vn/may-tinh-xach-tay/dell-gaming-g15-5515-r5-5600h?ssd=256gb
"Laptop HP Pavilion X360 14 ek0057TU i5 1235U/8GD/512GB/14.0""FHDT/Bút/Win 11 (No.00820903)",19990000,HP,"Intel, Core i5, 1235U",8,14.0,Intel Iris Xe Graphics,SDD,512,Windows 11 Home,1.543 kg,Trung Quốc,2022,FPTShop,https://fptshop.com.vn/may-tinh-xach-tay/hp-pavilion-x360-14-ek0057tu-i5-1235u
"Laptop HP Pavilion 15 eg2036TX i5 1235U/8GB/512GB/15.6""FHD/GeForce MX550 2GB/Win 11 (No.00825869)",19590000,HP,"Intel, Core i5, 1235U",8,15.6,Intel Iris Xe Graphics,SDD,512,Windows 11 Home Single Language,1.733 kg,Trung Quốc,2022,FPTShop,https://fptshop.com.vn/may-tinh-xach-tay/hp-pavilion-15-eg2036tx-i5-1235u
"Laptop HP 15s-fq5104TU i7-1255U/8GB/512GB/15.6""HD/Win 11 (No.00820896)",18890000,HP,"Intel, Core i7, 1255U",8,15.6,Intel Iris Xe Graphics,SDD,512,Windows 11 Home Single Language,1.69 kg,Trung Quốc,2022,FPTShop,https://fptshop.com.vn/may-tinh-xach-tay/hp-15s-fq5104tu-i7-1255u
"Laptop HP Pavilion 14 dv2033TU i5 1235U/8GB/512GB/14""FHD/Win 11 (No.00820892)",17990000,HP,"Intel, Core i5, 1235U",8,14.0,Intel Iris Xe Graphics,SDD,512,Windows 11 Home,1.41 kg,Trung Quốc,2022,FPTShop,https://fptshop.com.vn/may-tinh-xach-tay/hp-pavilion-14-dv2033tu-i5-1235u
"Laptop Asus Vivobook A1503ZA-L1139W i5 12500H/8GB/512GB/15.6""FHD/Win 11 (No.00825034)",17990000,Asus,"Intel, Core i5, 12500H",8,15.6,Intel UHD Graphics,SDD,512,Windows 11 Home,1.7 kg,Trung Quốc,2022,FPTShop,https://fptshop.com.vn/may-tinh-xach-tay/asus-vivobook-a1503za-l1139w-i5-12500h
"Laptop HP 15s-fq5079TU i5 1235U/8GB/512GB/15.6""HD/Win 11 (No.00820894)",16990000,HP,"Intel, Core i5, 1235U",8,15.6,Intel Iris Xe Graphics,SDD,512,Windows 11 Home Single Language,1.69 kg,Trung Quốc,2022,FPTShop,https://fptshop.com.vn/may-tinh-xach-tay/hp-15s-fq5079tu-i5-1235u
"Laptop Asus Vivobook Pro M3401QA-KM006W R5 5600H/8GB/512GB SSD/14"" 2.8K OLED/Win11 (No.00797331)",16990000,Asus,"AMD, Ryzen 5, 5600H",8,14.0,AMD Radeon Graphics,SDD,512,Windows 11 Home,1.4 g,Trung Quốc,2021,FPTShop,https://fptshop.com.vn/may-tinh-xach-tay/asus-vivobook-pro-m3401qa-km006w-r5-5600h
"Microsoft Surface Laptop Go i5 1035G1/8GB/128GB/12.4"" Touch/Win10 (No.00775354)",16790000,Microsoft,"Intel, Core i5, 1035G1",8,12.4,Intel UHD Graphics,SDD,128,Windows 10 Home,1.1 kg,Trung Quốc,2020,FPTShop,https://fptshop.com.vn/may-tinh-xach-tay/microsoft-surface-go-i5-1035g1?dung-luong=128gb
Laptop Acer Aspire 3 A315-57G-573F i5 1035G1/8GB/512GB SSD/Nvidia GeForce MX330 2GB/Win11 (No.00793778),16490000,Acer,"Intel, Core i5, 1035G1",8,15.6,NVIDIA GeForce MX330 2GB; Intel UHD Graphics,SDD,512,Windows 11 Home,1.9 kg,Trung Quốc,2021,FPTShop,https://fptshop.com.vn/may-tinh-xach-tay/acer-aspire-3-a315-57g-573f-i5-1035g1
"Laptop MSI Modern 15 A11MU-1022VN i5 1155G7/8GB/512GB/15.6""FHD/Win 11_Xám (No.00817144)",16090000,MSI,"Intel, Core i5, 1155G7",8,15.6,Intel Iris Xe Graphics,SDD,512,Windows 11 Home Single Language,1.6 kg,Trung Quốc,2022,FPTShop,https://fptshop.com.vn/may-tinh-xach-tay/msi-modern-15-a11mu-1022vn-i5-1155g7
"Laptop MSI Modern 14 B11MOU-1034VN i5 1155G7/8GB/512GB/14""FHD/Win 11 (No.00793026)",15990000,MSI,"Intel, Core i5, 1155G7",8,14.0,Intel Iris Xe Graphics,SDD,512,Windows 11 Home Single Language,1.3 kg,Trung Quốc,2021,FPTShop,https://fptshop.com.vn/may-tinh-xach-tay/msi-modern-14-b11mou-1034vn-i5-1155g7
"Laptop HP 240 G8 i5 1135G7/8GB/512GB/14.0""HD/Win 10 (No.00790275)",15490000,HP,"Intel, Core i5, 1135G7",8,14.0,Intel Iris Xe Graphics,SDD,512,Windows 10 Home,1.47 kg,Trung Quốc,2021,FPTShop,https://fptshop.com.vn/may-tinh-xach-tay/hp-240-g8-i5-1135g7-512gb-win10
"Laptop MSI Modern 14 B5M 202VN/R5 5500U/8GB/512GB/14""FHD/Win 11 (No.00783934)",14990000,MSI,"AMD, Ryzen 5, 5500U",8,14.0,AMD Radeon Graphics,SDD,512,Windows 11 Home Single Language,1.3 kg,Trung Quốc,2021,FPTShop,https://fptshop.com.vn/may-tinh-xach-tay/msi-modern-14-b5m-202vn-r5-5500u
"Laptop Acer Aspire 3 A315-58-54M5 i5 1135G7/8GB/512GB/15.6""FHD/Win 11 (No.00819389)",14890000,Acer,"Intel, Core i5, 1135G7",8,15.6,Intel Iris Xe Graphics,SDD,512,Windows 11 Home,1.7 kg,Trung Quốc,2021,FPTShop,https://fptshop.com.vn/may-tinh-xach-tay/acer-aspire-3-a315-58-54m5-i5-1135g7
"Laptop Dell Inspiron N3505 R5 3450U/8GB/256GB/15.6""FHD Touch/AMD Radeon Vega 8/Win 10/NK (No.00775825)",14790000,Dell,"AMD, Ryzen 5, 3450U",8,15.6,AMD Radeon Graphics,SDD,256,Windows 10 Home,1.98 kg,Trung Quốc,2020,FPTShop,https://fptshop.com.vn/may-tinh-xach-tay/dell-inspiron-n3505-r5-3450u-win-10-nk
"Laptop Asus Vivobook A415EA-EB1749W i3 1125G4/8GB/512GB SSD/14"" FHD/Win11 (No.00792516)",13490000,Asus,"Intel, Core i3, 1125G4",8,14.0,Intel UHD Graphics,SDD,512,Windows 11,1.4 kg,Trung Quốc,2021,FPTShop,https://fptshop.com.vn/may-tinh-xach-tay/asus-vivobook-a415ea-eb1749w-i3-1125g4
Laptop Acer Aspire 3 A315-58-35AG i3 1115G4/4GB/256GB SSD/15.6''FHD/Win11 (No.00797981),11890000,Acer,"Intel, Core i3, 1115G4",4,15.6,Intel UHD Graphics,SDD,256,Windows 11 Home Single Language,1.74 kg,Trung Quốc,2021,FPTShop,https://fptshop.com.vn/may-tinh-xach-tay/acer-aspire-3-a315-58-35ag-i3-1115g4
Laptop Lenovo Ideapad 3 i3 1005G1/4GB/128GB/14FHD/Win 10/NK (No.00782950),8490000,Lenovo,"Intel, Core i3, 1005G1",4,14.0,Intel UHD Graphics,SDD,128,Windows 10 Home,1.5 kg,Trung Quốc,2021,FPTShop,https://fptshop.com.vn/may-tinh-xach-tay/lenovo-ideapad-3-i3-1005g1-nk
Laptop Acer Travel Mate B3 TMB311-31-C2HB Celeron N4020/4GB/128GB SSD/11.6'' HD/Win11 (No.00790471),5490000,Acer,"Intel, Celeron, N4020",4,11.6,Intel UHD Graphics 605,SDD,128,Windows 11 Home Single Language,1.4 kg,Trung Quốc,2021,FPTShop,https://fptshop.com.vn/may-tinh-xach-tay/acer-travel-mate-b3-tmb311-31-c2hb-celeron-n4020
"MacBook Pro 16"" 2021 M1 Max 1TB (No.00777783)",92990000,Apple (MacBook),"Apple, M1 Max, 10-Core",32,16.2,Apple M1 Max GPU 32-core,SDD,1000,Mac OS,2.129 kg,Trung Quốc,2021,FPTShop,https://fptshop.com.vn/may-tinh-xach-tay/macbook-pro-16-2021-m1-max
"Laptop Lenovo ThinkPad X1 Carbon Gen 9 i7 1165G7/16GB/512GB/14""WUXGA/Win 11 (No.00825873)",47990000,Lenovo,"Intel, Core i7, 1165G7",16,14.0,Intel Iris Xe Graphics,SDD,512,Windows 11 Home,1.133 kg,Trung Quốc,2022,FPTShop,https://fptshop.com.vn/may-tinh-xach-tay/lenovo-thinkpad-x1-carbon-gen-9-i7-1165g7-20xw00gdvn
"Laptop Lenovo ThinkPad X1 Carbon Gen 9 i5 1135G7/16GB/512GB/14""WUXGA/Win 11 (No.00825875)",41190000,Lenovo,"Intel, Core i5, 1135G7",16,14.0,Intel Iris Xe Graphics,SDD,512,Windows 11,1.133 kg,Trung Quốc,2022,FPTShop,https://fptshop.com.vn/may-tinh-xach-tay/lenovo-thinkpad-x1-carbon-gen-9-i5-1135g7-20xw00gavn
Laptop Acer Predator Gaming Helios PH315-54-99S6 i9 11900H/16G/512G/15.6/GeForce RTX3060 6G/Win 11 (No.00818342),40990000,Acer,"Intel, Core i9, 11900H",16,15.6,NVIDIA GeForce RTX 3060 6GB; Intel UHD Graphics,SDD,512,Windows 11 Home Single Language,2.3 kg,Trung Quốc,2021,FPTShop,https://fptshop.com.vn/may-tinh-xach-tay/acer-predator-helios-gaming-ph315-54-99s6-i9-11900h
"Laptop Acer Nitro Gaming AN515-58-79UJ i7 12700H/16GB/512GB/15.6""FHD/GeForce RTX 3060 6GB/Win 11 (No.00828899)",38990000,Acer,"Intel, Core i7, 12700H",16,15.6,NVIDIA GeForce RTX 3060 6GB; Intel Iris Xe Graphics,SDD,512,Windows 11 Home Single Language,2.5 kg,Trung Quốc,2022,FPTShop,https://fptshop.com.vn/may-tinh-xach-tay/acer-nitro-gaming-an515-58-79uj-i7-12700h
"Laptop Asus TUF Gaming FA507RR-HN835W R7 6800H/16GB/512GB/15.6""FHD/Geforce RTX 3070 8GB/Win 11 (No.00825868)",38490000,Asus,"AMD, Ryzen 7, 6800H",16,15.6,AMD Radeon Graphics Vega 3,SDD,512,Windows 11 Home,2.2 kg,Trung Quốc,2022,FPTShop,https://fptshop.com.vn/may-tinh-xach-tay/asus-tuf-gaming-fa507rr-hn835w-r7-6800h
"Laptop Asus Vivobook Pro N7600ZE-L2010W i7 12700H/16GB/1TB/16""4K/GeForce RTX 3050 Ti 4GB/Win 11 (No.00833415)",37990000,Asus,"Intel, Core i7, 12700H",16,16.0,NVIDIA GeForce RTX 3050 Ti 4 GB; Intel Iris Xe Graphics,SDD,1000,Windows 11,2.0 kg,Trung Quốc,2022,FPTShop,https://fptshop.com.vn/may-tinh-xach-tay/asus-vivobook-pro-n7600ze-l2010w-i7-12700h
MacBook Pro M2 2022 13 inch 8CPU 10GPU 16GB 256GB (No.00819893),36990000,Apple (MacBook),"Apple, M2, 8 - Core",16,13.3,Apple M2 GPU 10 nhân,SDD,256,Mac OS,1.4 kg,Trung Quốc,2022,FPTShop,https://fptshop.com.vn/may-tinh-xach-tay/macbook-pro-m2-2022-13-inch-ram-16gb?dung-luong=256gb
"Laptop Asus TUF Gaming FX507ZM-HN123W i7 12700H/16GB/512GB/15.6""FHD/Geforce RTX 3060 6GB/Win 11 (No.00824240)",36890000,Asus,"Intel, Core i7, 12700H",16,15.6,NVIDIA GeForce RTX 3060 6GB; Intel Iris Xe Graphics,SDD,512,Windows 11 Home,2.20 kg,Trung Quốc,2022,FPTShop,https://fptshop.com.vn/may-tinh-xach-tay/asus-tuf-gaming-fx507zm-hn123w-i7-12700h
MacBook Air M2 2022 13 inch 8CPU 8GPU 16GB 256GB (No.00824329),34990000,Apple (MacBook),"Apple, M2, 8 - Core",16,13.6,Apple M2 GPU 8 nhân,SDD,256,Mac OS,1.24,Trung Quốc,2022,FPTShop,https://fptshop.com.vn/may-tinh-xach-tay/macbook-air-m2-2022-13-inch-ram-16gb?dung-luong=256gb
Laptop Asus Vivobook Pro N7401ZE-M9028W i7 12700H/16GB/512GB/14.5/GeForce RTX 3050 Ti 4GB/Win11 (No.00833431),33990000,Asus,"Intel, Core i7, 12700H",16,14.6,NVIDIA GeForce RTX 3050 Ti 4 GB; Intel Iris Xe Graphics,SDD,512,Windows 11,1.68 kg,Trung Quốc,2022,FPTShop,https://fptshop.com.vn/may-tinh-xach-tay/asus-vivobook-pro-n7401ze-m9028w-i7-12700h
"Laptop Lenovo ThinkPad P15s G2 T i5 1135G7/16GB/512GB/15.6""FHD/Quadro T500 4GB/Win 11 (No.00826515)",33290000,Lenovo,"Intel, Core i5, 1135G7",16,15.6,NVIDIA Quadro T500 4GB,SDD,512,Windows 11,1.5 kg,Trung Quốc,2021,FPTShop,https://fptshop.com.vn/may-tinh-xach-tay/lenovo-thinkpad-p15s-g2-t-i5-1135g7
MacBook Pro M2 2022 13 inch 8CPU 10GPU 8GB 256GB (No.00818154),32490000,Apple (MacBook),"Apple, M2, 8 - Core",8,13.3,Apple M2 GPU 10 nhân,SDD,256,Mac OS,1.4 kg,Trung Quốc,2022,FPTShop,https://fptshop.com.vn/may-tinh-xach-tay/macbook-pro-m2-2022-13-inch?dung-luong=256gb
"Laptop Acer Nitro Gaming AN515-45-R86D R7 5800H/8GB/512GB/15.6""FHD/GeForce RTX 3060 6GB/Win 11 (No.00826505)",31490000,Acer,"AMD, Ryzen 7, 5800H",8,15.6,NVIDIA GeForce RTX 3060 6GB; AMD Radeon Graphics,SDD,512,Windows 11 Home,2.2 kg,Trung Quốc,2021,FPTShop,https://fptshop.com.vn/may-tinh-xach-tay/acer-nitro-gaming-an515-45-r86d-r7-5800h
"Laptop Lenovo Gaming Legion 5 15IAH7 i5 12500H/16GB/512GB/15.6""FHD/GeForce RTX 3050 Ti 4GB/Win 11 (No.00834221)",31490000,Lenovo,"Intel, Core i5, 12500H",16,15.6,NVIDIA GeForce RTX 3050 Ti 4 GB; Intel Iris Xe Graphics,SDD,512,Windows 11 Home,2.35 kg,Trung Quốc,2022,FPTShop,https://fptshop.com.vn/may-tinh-xach-tay/lenovo-gaming-legion-5-15iah7-i5-12500h
"Laptop Asus Zenbook UX5401ZAS-KN130W i5 12500H/16GB/512GB/14.0""WQXGA+/Túi/Win 11 (No.00828851)",30990000,Asus,"Intel, Core i5, 12500H",16,14.0,Intel Iris Xe Graphics,SDD,512,Windows 11 Home,1.4 kg,Trung Quốc,2022,FPTShop,https://fptshop.com.vn/may-tinh-xach-tay/asus-zenbook-ux5401zas-kn130w-i5-12500h
Laptop HP ZBook Firefly 14 G8 i5 1135G7/8GB/512GB/14”FHD/Win 10 Pro (No.00791281),30990000,HP,"Core i5, 1135G7",8,14.0,Intel Iris Xe Graphics,SDD,512,Windows 10 Pro,1.35 kg,Trung Quốc,2021,FPTShop,https://fptshop.com.vn/may-tinh-xach-tay/hp-zbook-firefly-14-g8-i5-1135g7?dung-luong-ram=8gb
"Laptop Lenovo Gaming Legion 5 15ARH7 R7 6800H/8GB/512GB/15.6""FHD/GeForce RTX 3050 4GB/Win 11 (No.00826498)",30590000,Lenovo,"AMD, Ryzen 7, 6800H",8,15.6,NVIDIA GeForce RTX 3050 4GB; AMD Radeon Graphics,SDD,512,Windows 11 Home,2.35 kg,Trung Quốc,2022,FPTShop,https://fptshop.com.vn/may-tinh-xach-tay/lenovo-gaming-legion-5-15arh7-r7-6800h?card-do-hoa=rtx-3050
Laptop Asus Gaming TUF FA507RM-HN018W R7 6800H/8GB/512GB/15.6FHD/GeForce RTX 3060 6GB/Win 11 (No.00833413),29990000,Asus,"AMD, Ryzen 7, 6800H",8,15.6,NVIDIA GeForce RTX 3060 6GB; AMD Radeon Graphics,SDD,512,Windows 11,2.20 kg,Trung Quốc,2022,FPTShop,https://fptshop.com.vn/may-tinh-xach-tay/asus-gaming-tuf-fa507rm-hn018w-r7-6800h
MacBook Air M2 2022 13 inch 8CPU 8GPU 8GB 256GB (No.00818146),28990000,Apple (MacBook),"Apple, M2, 8 - Core",8,13.6,Apple M2 GPU 8 nhân,SDD,256,Mac OS,1.24,Trung Quốc,2022,FPTShop,https://fptshop.com.vn/may-tinh-xach-tay/macbook-air-m2-2022-13-inch?dung-luong=256gb
"Laptop Acer Nitro Gaming AN515-58-769J i7 12700H/8GB/512GB/15.6""FHD/GeForce RTX 3050 4GB/Win11 (No.00834736)",28990000,Acer,"Intel, Core i7, 12700H",8,15.6,NVIDIA GeForce RTX 3050 4GB,SDD,512,Windows 11 Home Single Language,2.5 kg,Trung Quốc,2022,FPTShop,https://fptshop.com.vn/may-tinh-xach-tay/acer-nitro-gaming-an515-58-769j-i7-12700h
"Laptop Lenovo IdeaPad 5 Pro 16ARH7 R7 6800HS/16GB/512GB/16""2.5K/GeForce RTX 3050 Ti 4GB/Win11 (No.00833365)",28790000,Lenovo,"AMD, Ryzen 7, 6800HS",16,16.0,NVIDIA GeForce RTX 3050 Ti 4 GB; AMD Radeon Graphics,SDD,512,Windows 11 Home,1.95 kg,Trung Quốc,2022,FPTShop,https://fptshop.com.vn/may-tinh-xach-tay/lenovo-ideapad-5-pro-16arh7-r7-6800hs?card-do-hoa=rtx-3050-ti
"Laptop Asus Zenbook UX3402ZA-KM221W i7 1260P/16GB/512GB/14"" OLED 2.8K/Win 11 (No.00825035)",28690000,Asus,"Intel, Core i7, 1260P",16,14.0,Intel Iris Xe Graphics,SDD,512,Windows 11 Home,1.39 kg,Trung Quốc,2022,FPTShop,https://fptshop.com.vn/may-tinh-xach-tay/asus-zenbook-ux3402za-km221w-i7-1260p
"Laptop Asus TUF Gaming FX507ZC-HN124W i7 12700H/8GB/512GB/15.6""FHD/NVIDIA GeForce RTX 3050 4GB/Win11 (No.00800840)",28390000,Asus,"Intel, Core i7, 12700H",8,15.6,NVIDIA GeForce RTX 3050 4GB; Intel Iris Xe Graphics,SDD,512,Windows 11 Home,2.20 kg,Trung Quốc,2022,FPTShop,https://fptshop.com.vn/may-tinh-xach-tay/asus-tuf-gaming-fx507zc-hn124w-i7-12700h
"Laptop Asus Gaming Zephyrus GA401QC-K2199W R7 5800HS/8GB/512GB/14""/GeForce RTX 3050 4GB/Win 11 (No.00833414)",27990000,Asus,"AMD, Ryzen 7, 5800HS",8,14.0,NVIDIA GeForce RTX 3050 4GB; AMD Radeon Graphics,SDD,512,Windows 11,1600 g,Trung Quốc,2022,FPTShop,https://fptshop.com.vn/may-tinh-xach-tay/asus-zephyrus-gaming-ga401qc-k2199w-r7-5800hs
"Laptop Dell Vostro V5320 i7 1260P/16GB/512GB/13.3""FHD+/Win 11 (No.00834218)",27490000,Dell,"Intel, Core i7, 1260P",16,13.3,Intel Iris Xe Graphics,SDD,512,Windows 11 Home Single Language,2 kg,Trung Quốc,2022,FPTShop,https://fptshop.com.vn/may-tinh-xach-tay/dell-vostro-v5320-i7-1260p-win-11
"Laptop Asus TUF Gaming FA707RC-HX130W R7 6800H/8GB/512GB/17.3"" FHD/NVIDIA GeForce RTX 3050 4GB/Win11 (No.00798263)",27490000,Asus,"AMD, Ryzen 7, 6800H",8,17.3,NVIDIA GeForce RTX 3050 4GB,SDD,512,Windows 11 Home,2.6,Trung Quốc,2022,FPTShop,https://fptshop.com.vn/may-tinh-xach-tay/asus-gaming-tuf-fa707rc-hx130w-r7-6800h
Laptop Acer Swift X SFX16-51G-516Q i5 11320H/16GB/512GB/16.1''FHD/NVIDIA GeForce RTX 3050 4GB/Win11 (No.00793772),26990000,Acer,"Intel, Core i5, 11320H",16,16.1,NVIDIA GeForce RTX 3050 4GB; Intel Iris Xe Graphics,SDD,512,Windows 11 Home,1.9 kg,Trung Quốc,2021,FPTShop,https://fptshop.com.vn/may-tinh-xach-tay/acer-swift-x-sfx16-51g-516q-i5-11320h
"Laptop HP Gaming Victus 16-d0291TX i7 11800H/8GB/512GB/16.1""FHD/NVIDIA GeForce RTX 3050 Ti 4GB/Win11 (No.00799905)",26490000,HP,"Intel, Core i7, 11800H",8,16.1,NVIDIA GeForce RTX 3050 Ti 4 GB,SDD,512,Windows 11 Home,2.46 kg,Trung Quốc,2021,FPTShop,https://fptshop.com.vn/may-tinh-xach-tay/hp-victus-16-d0291tx-i7-11800h
"Laptop Asus Zenbook Flip UP5401ZA-KN005W i5 12500H/8GB/512GB/14.0"" WQHDT OLED Touch/Bút+Túi/Win 11 (No.00819390)",26490000,Asus,"Intel, Core i5, 12500",8,14.0,Intel Iris Xe Graphics,SDD,512,Windows 11,1.4 kg,Trung Quốc,2022,FPTShop,https://fptshop.com.vn/may-tinh-xach-tay/asus-zenbook-flip-up5401za-kn005w-i5-12500h
"Laptop Asus Vivobook Pro M6500QC-MA005W R7 5800H/16GB/512GB/15.6""/GeForce RTX 3050 4GB/Win11 (No.00834228)",26290000,Asus,"AMD, Ryzen 7, 5800H",16,15.6,NVIDIA GeForce RTX 3050 4GB; AMD Radeon Graphics,SDD,512,Windows 11 Home,1.8 kg,Trung Quốc,2022,FPTShop,https://fptshop.com.vn/may-tinh-xach-tay/asus-vivobook-pro-m6500qc-ma005w-r7-5800h
"Laptop Lenovo Ideapad 5 Pro 16ARH7 R5 6600HS/16GB/512GB/16""/GeForce GTX 1650 4GB/Win 11 (No.00836264)",25190000,Lenovo,"AMD, Ryzen 5, 6600HS",16,16.0,NVIDIA GeForce GTX 1650 4GB; AMD Radeon Graphics,SDD,512,Windows 11 Home,1.95 kg,Trung Quốc,2022,FPTShop,https://fptshop.com.vn/may-tinh-xach-tay/lenovo-ideapad-5-pro-16arh7-r5-6600hs-win-11
"Laptop Lenovo Ideapad 5 Pro 16ARH7 R5 6600HS/16GB/512GB/16.0"" 2.5K/GeForce GTX 1650 4GB/Win 11 (No.00826448)",25190000,Lenovo,"Intel, Ryzen 5, 6600HS",16,16.0,NVIDIA GeForce GTX 1650 4GB; AMD Radeon Graphics,SDD,512,Windows 11 Home,1.95 kg,Trung Quốc,2022,FPTShop,https://fptshop.com.vn/may-tinh-xach-tay/lenovo-ideapad-5-pro-16arh7-r5-6600hs?card-do-hoa=gtx-1650
"Laptop Dell Vostro V5620 i5 1240P/8GB/512GB/16"" FHD+/GeForce MX570 2GB/Win 11 (No.00834404)",24990000,Dell,"Intel, Core i5, 1240P",8,16.0,Intel Iris Xe Graphics,SDD,512,Windows 11 Home Single Language,1.91 kg,Trung Quốc,2022,FPTShop,https://fptshop.com.vn/may-tinh-xach-tay/dell-vostro-v5620-i5-1240p-mx570-2gb
"Laptop Dell Vostro V5620 i5 1240P/16GB/512GB/16""FHD+/Win 11+Office HS21 (No.00821472)",24990000,Dell,"Intel, Core i5, 1240P",16,16.0,Intel Iris Xe Graphics,SDD,512,Windows 11 Home,1.97,Trung Quốc,2022,FPTShop,https://fptshop.com.vn/may-tinh-xach-tay/dell-vostro-v5620-i5-1240p
"Laptop Lenovo Ideapad Gaming 3 15ARH7 R7 6800H/8GB/512GB/15.6"" FHD/GeForce RTX 3050 4GB/ Win 11 (No.00826447)",24790000,Lenovo,"AMD, Ryzen 7, 6800H",8,15.6,NVIDIA GeForce RTX 3050 4GB; AMD Radeon Graphics,SDD,512,Windows 11 Home,2.315 kg,Trung Quốc,2022,FPTShop,https://fptshop.com.vn/may-tinh-xach-tay/lenovo-ideapad-gaming-3-15arh7-r7-6800h?card-do-hoa=rtx-3050
"Laptop Asus Vivobook Pro M6500QC-MA002W R5 5600H/16GB/512GB/15.6"" 2.8K/GeForce RTX 3050 4GB/Win11 (No.00828855)",24490000,Asus,"AMD, Ryzen 5, 5600H",16,15.6,NVIDIA GeForce RTX 3050 4GB; AMD Radeon Graphics,SDD,512,Windows 11 Home,1.8 kg,Trung Quốc,08/2022,FPTShop,https://fptshop.com.vn/may-tinh-xach-tay/asus-vivobook-pro-m6500qc-ma002w-r5-5600h
"Laptop Dell Inspiron 14 T7420 i5 1235U/8GB/512GB/14.0""FHDT/Win 11 (No.00824259)",23990000,Dell,"Intel, Core i5, 1235U",8,14.0,Intel Iris Xe Graphics,SDD,512,Windows 11 Home Single Language,1.66 kg,Trung Quốc,2022,FPTShop,https://fptshop.com.vn/may-tinh-xach-tay/dell-inspiron-14-t7420-i5-1235u
"Laptop Asus Zenbook UX3402ZA-KM218W i5 1240P/8GB/512GB/14.0""OLED WQXGA/Win 11 (No.00820196)",23690000,Asus,"Intel, Core i5, 1240P",8,14.0,Intel Iris Xe Graphics,SDD,512,Windows 11 Home,1.39 kg,Trung Quốc,2022,FPTShop,https://fptshop.com.vn/may-tinh-xach-tay/asus-zenbook-ux3402za-km218w-i5-1240p
"Laptop Asus TUF Gaming FX706HC-HX579W i5 11400H/8GB/512GB/GeForce RTX 3050 4GB/17.3""FHD/Win 11 (No.00832136)",23490000,Asus,"Intel, Core i5, 11400H",8,17.3,NVIDIA GeForce RTX 3050 4GB; Intel UHD Graphics,SDD,512,Windows 11 Home,2.6 kg,Trung Quốc,2022,FPTShop,https://fptshop.com.vn/may-tinh-xach-tay/asus-tuf-gaming-fx706hc-hx579w-i5-11400h
Laptop Asus ROG Strix Gaming G513IE-HN246W R7 4800H/8GB/512GB/15.6FHD/GeForce RTX 3050 Ti 4GB/Win 11 (No.00834219),22990000,Asus,"AMD, Ryzen 7, 4800H",8,15.6,NVIDIA GeForce RTX 3050 Ti 4 GB; AMD Radeon Graphics,SDD,512,Windows 11,2.1 kg,Trung Quốc,2022,FPTShop,https://fptshop.com.vn/may-tinh-xach-tay/asus-gaming-rog-strix-g513ie-hn246w-r7-4800h
"Laptop Lenovo Ideapad Gaming 3 15ARH7 R5 6600H/8GB/512GB/15.6""FHD/GeForce RTX 3050 4GB/Win 11 (No.00826495)",22990000,Lenovo,"AMD, Ryzen 5, 6600H",8,15.6,NVIDIA GeForce RTX 3050 4GB; AMD Radeon Graphics,SDD,512,Windows 11 Home,2.315 kg,Trung Quốc,2022,FPTShop,https://fptshop.com.vn/may-tinh-xach-tay/lenovo-ideapad-gaming-3-15arh7-r5-6600h
"Laptop Dell Latitude L5420CTO i5 1135G7/8GB/256GB/14""FHD/Win 11 (No.00791171)",22990000,Dell,"Intel, Core i5, 1135G7",8,14.0,Intel HD Graphics,SDD,256,Windows 11 Home,1.4 kg,Trung Quốc,2021,FPTShop,https://fptshop.com.vn/may-tinh-xach-tay/dell-latitude-5420cto-i5-1135g7?he-dieu-hanh=win-11
"Laptop Asus Zenbook UM5401QA-KN209W R5 5600H/8GB/512GB SSD/14"" OLED 2.8K Touch/Win11 (No.00797986)",22990000,Asus,"AMD, Ryzen 5, 5600H",8,14.0,AMD Radeon Graphics,SDD,512,Windows 11 Home,1.4 kg,Trung Quốc,2022,FPTShop,https://fptshop.com.vn/may-tinh-xach-tay/asus-zenbook-um5401qa-kn209w-r5-5600h
"Laptop HP Pavilion 15 eg2034TX i7 1255U/8GB/512GB/15.6""FHD/GeForce MX550 2GB/Win 11 (No.00825046)",22690000,HP,"Intel, Core i7, 1255U",8,15.6,NVIDIA GeForce MX550 2GB; Intel Iris Xe Graphics,SDD,512,Windows 11 Home Single Language,1.733 kg,Trung Quốc,2022,FPTShop,https://fptshop.com.vn/may-tinh-xach-tay/hp-pavilion-15-eg2034tx-i7-1255u
"Laptop Lenovo ThinkPad E14 Gen 3 R7 5700U/8GB/512GB/14.0""FHD/Win 11 (No.00799913)",22090000,Lenovo,"AMD, Ryzen 7, 5700U",8,14.0,AMD Radeon Graphics,SDD,512,Windows 11 Home,1.64 kg,Trung Quốc,2021,FPTShop,https://fptshop.com.vn/may-tinh-xach-tay/lenovo-thinkpad-e14-gen-3-r7-5700u?he-dieu-hanh=win-11
"Laptop Microsoft Surface Pro 7 i5 1035G4/8GB/128GB SSD/12.3"" Touch/Win10 (No.00734878)",21990000,Microsoft,"Intel, Core i5, 1035G4",8,12.3,Intel Iris Plus Graphics,SDD,128,Windows 10,0.775 kg,Trung Quốc,2019,FPTShop,https://fptshop.com.vn/may-tinh-xach-tay/microsoft-surface-pro-7-core-i5-1035g4?dung-luong=128gb
"Laptop Asus Zenbook Flip UX363EA-HP726W i5 1135G7/8GB/512GB SSD/13.3"" OLED Touch/Win11 (No.00783670)",21990000,Asus,"Intel, Core i5, 1135G7",8,13.3,Intel Iris Xe Graphics,SDD,512,Windows 11 Home,1.3 kg,Trung Quốc,2021,FPTShop,https://fptshop.com.vn/may-tinh-xach-tay/asus-zenbook-flip-ux363ea-hp726w-i5-1135g7
"Laptop Lenovo ThinkPad E14 G4 R7 5825U/8GB/512GB/14"" FHD/Win 11 (No.00839751)",21790000,Lenovo,"AMD, Ryzen 7, 5825U",8,1.4 ,AMD Radeon Graphics,SDD,512,Windows 11 Home,1.64 kg,Trung Quốc,2022,FPTShop,https://fptshop.com.vn/may-tinh-xach-tay/lenovo-thinkpad-e14-g4-r7-5825u
"Laptop Lenovo ThinkPad E14 Gen 4 i5 1235U/8GB/512GB/14"" FHD/Win 11 (No.00833407)",21290000,Lenovo,"Intel, Core i5, 1235U",8,14.0,Intel Iris Xe Graphics,SDD,512,Windows 11 Home,1.64 kg,Trung Quốc,2022,FPTShop,https://fptshop.com.vn/may-tinh-xach-tay/lenovo-thinkpad-e14-gen-4-i5-1235u
Laptop Dell Vostro V3510 i5 1135G7/8GB/512GB/15.6FHD/MX350 2GB/Win 11+Office HS21 (No.00791069),20990000,Dell,"Intel, Core i5, 1135G7",8,15.6,NVIDIA GeForce MX350 2GB; Intel Iris Xe Graphics,SDD,512,Windows 11 Home Single Language,1.7 kg,Trung Quốc,2021,FPTShop,https://fptshop.com.vn/may-tinh-xach-tay/dell-vostro-v3510-i5-1135g7?he-dieu-hanh=win-11
"Laptop MSI Gaming GF63 Thin 11UD-473VN i5 11400H/8GB/512GB/15.6""FHD/NVIDIA GeForce RTX 3050 Ti Max-Q 4GB/Win 11 (No.00793135)",20790000,MSI,"Intel, Core i5, 11400H",8,15.6,NVIDIA GeForce RTX 3050 Ti 4 GB; Intel UHD Graphics,SDD,512,Windows 11 Home,1.86 kg,Trung Quốc,2022,FPTShop,https://fptshop.com.vn/may-tinh-xach-tay/msi-gaming-gf63-thin-11ud-i5-11400h
Laptop Asus Zenbook UX325EA-KG656W i5 1135G7/8GB/512GB SSD/13.3''FHD OLED/Win11 (No.00793160),20490000,Asus,"Intel, Core i5, 1135G7",8,13.3,Intel Iris Xe Graphics,SDD,512,Windows 11 Home Single Language,1.1 kg,Trung Quốc,2021,FPTShop,https://fptshop.com.vn/may-tinh-xach-tay/asus-zenbook-ux325ea-kg656w-i5-1135g7
"Laptop Asus Zenbook UX425EA-KI839W i5 1135G7/8GB/512GB SSD/14"" FHD/Win 11 (No.00797985)",20490000,Asus,"Intel, Core i5, 1135G7",8,14.0,Intel Iris Xe Graphics,SDD,512,Windows 11 Home,1.17 kg,Trung Quốc,2021,FPTShop,https://fptshop.com.vn/may-tinh-xach-tay/asus-zenbook-ux425ea-ki839w-i5-1135g7
Laptop Acer Swift 3 SF314-43-R4X3 R5 5500U/16GB/512GB SSD/Win11 (No.00783546),20290000,Acer,"AMD, Ryzen 5, 5500U",16,14.0,AMD Radeon Graphics,SDD,512,Windows 11 Home Single Language,1.19 kg,Trung Quốc,2021,FPTShop,https://fptshop.com.vn/may-tinh-xach-tay/acer-swift-3-sf314-43-r4x3-r5-5500u
"Laptop Lenovo ThinkPad E14 Gen 4 R5 5625U/8GB/512GB/14.0""FHD/Win 11 (No.00850263)",19890000,Lenovo,"AMD, Ryzen 5, 5625U",8,14.0,AMD Radeon Graphics,SDD,512,Windows 11 Home,1640 g,Trung Quốc,2022,FPTShop,https://fptshop.com.vn/may-tinh-xach-tay/lenovo-thinkpad-e14-gen-4-r5-5625u
"Laptop Asus Vivobook A1403ZA-KM066W i5 12500H/8GB/512GB/14""WQXGA+/Win 11 (No.00825867)",19590000,Asus,"Intel, Core i5, 12500H",8,14.0,Intel UHD Graphics,SDD,512,Windows 11 Home,1.6 kg,Trung Quốc,2022,FPTShop,https://fptshop.com.vn/may-tinh-xach-tay/asus-vivobook-a1403za-km066w-i5-12500h
"Laptop Asus Expertbook B5302CEA-L50916W i5 1135G7/8GB/512GB/13.3""FHD/Win 11 (No.00843230)",18990000,Asus,"Intel, Core i5, 1135G7",8,13.3,Intel Iris Xe Graphics,SDD,512,Windows 11 Home,1.13 kg,Trung Quốc,2022,FPTShop,https://fptshop.com.vn/may-tinh-xach-tay/asus-expertbook-b5302cea-l50916w-i5-1135g7
"Laptop Asus Vivobook Flip TP3402ZA-LZ159W i5 12500H/8GB/512GB/14.0""WUXGA/Bút/Win11 (No.00833491)",18990000,Asus,"Intel, Core i5, 12500H",8,14.0,Intel Iris Xe Graphics,SDD,512,Windows 11 Home,1.5 kg,Trung Quốc,2022,FPTShop,https://fptshop.com.vn/may-tinh-xach-tay/asus-vivobook-flip-tp3402za-lz159w-i5-12500h
"Laptop Asus Vivobook Pro M3401QA-KM025W R7 5800H/8GB/512GB SSD/14"" 2.8K OLED/Win11 (No.00797330)",18990000,Asus,"AMD, Ryzen 7, 5800H",8,14.0,AMD Radeon Graphics,SDD,512,Windows 11 Home,1.4 kg,Trung Quốc,2021,FPTShop,https://fptshop.com.vn/may-tinh-xach-tay/asus-vivobook-pro-m3401qa-km025w-r7-5800h
Laptop Acer Aspire 5 A514-54-5127 i5 1135G7/8GB/512GB SSD/14.0''FHD/Win11 (No.00797334),17790000,Acer,"Intel, Core i5, 1135G7",8,14.0,Intel Iris Xe Graphics,SDD,512,Windows 11 Home Single Language,1.45 kg,Trung Quốc,2021,FPTShop,https://fptshop.com.vn/may-tinh-xach-tay/acer-aspire-a514-54-5127-i5-1135g7
"Laptop Asus Vivobook S433EA-AM2307W i5 1135G7/8GB/512GB/14"" FHD IPS/Win 11 (No.00832135)",17690000,Asus,"Intel, Core i5, 1135G7",8,14.0,Intel Iris Xe Graphics,SDD,512,Windows 11,1.4 kg,Trung Quốc,2022,FPTShop,https://fptshop.com.vn/may-tinh-xach-tay/asus-vivobook-s433ea-am2307w-i5-1135g7
"Laptop Lenovo IdeaPad 5 14IAL7 i5 1235U/8GB/512GB/14"" FHD/Win 11 (No.00836272)",17490000,Lenovo,"Intel, Core i5, 1235U",8,14.0,Intel Iris Xe Graphics,SDD,512,Windows 11 Home,1.44 kg,Trung Quốc,2021,FPTShop,https://fptshop.com.vn/may-tinh-xach-tay/lenovo-ideapad-5-14ial7-i5-1235u
"Laptop Lenovo IdeaPad 5 15IAL7 i5 1235u/8GB/512GB/15.6""FHD/Win 11 (No.00834223)",16990000,Lenovo,"Intel, Core i5, 1235U",8,15.6,Intel Iris Xe Graphics,SDD,512,Windows 11 Home Single Language,1.85 kg,Trung Quốc,2022,FPTShop,https://fptshop.com.vn/may-tinh-xach-tay/lenovo-ideapad-5-15ial7-i5-1235u
"Laptop Asus Expertbook B1500CEAE-BQ2234W i5 1135G7/8GB/512GB/15.6""FHD/Win 11 (No.00834233)",16990000,Asus,"Intel, Core i5, 1135G7",8,15.6,Intel Iris Xe Graphics,SDD,512,Windows 11 Home,1705,Trung Quốc,2021,FPTShop,https://fptshop.com.vn/may-tinh-xach-tay/asus-expertbook-b1500ceae-bq2234w-i5-1135g7
"Laptop Asus Vivobook X1502ZA-BQ126W i5 1240P/8GB/512GB/15.6""FHD/Iris Xe Graphics/Win 11 (No.00813509)",16990000,Asus,"Intel, Core i5, 1240P",8,15.6,Intel Iris Xe Graphics,SDD,512,Windows 11 Home,1.7 kg,Trung Quốc,2022,FPTShop,https://fptshop.com.vn/may-tinh-xach-tay/asus-vivobook-x1502za-bq126w-i5-1240p
Laptop Lenovo IdeaPad Flex 5 14ALC05 R5 5500U/8GB/512GB/14.0 FHDT/Bút/Win11 (No.00831220),16690000,Lenovo,"AMD, Ryzen 5, 5500U",8,14.0,AMD Radeon Graphics,SDD,512,Windows 11 Home,1.5 kg,Trung Quốc,2021,FPTShop,https://fptshop.com.vn/may-tinh-xach-tay/lenovo-ideapad-flex-5-14alc05-r5-5500u
"Laptop HP Pavilion 14 dv2036TU i5 1235U/8GB/256GB/14""FHD/Win 11 (No.00820893)",16190000,HP,"Intel, Core i5, 1235U",8,14.0,Intel Iris Xe Graphics,SDD,256,Windows 11 Home,1.41 kg,Trung Quốc,2022,FPTShop,https://fptshop.com.vn/may-tinh-xach-tay/hp-pavilion-14-dv2036tu-i5-1235u
"Laptop HP 15s-fq5081TU i5-1235U/8GB/256GB/15.6""HD/Win 11 (No.00820895)",16090000,HP,"Intel, Core i5, 1235U",8,15.6,Intel Iris Xe Graphics,SDD,256,Windows 11 Home Single Language,1.69 kg,Trung Quốc,2022,FPTShop,https://fptshop.com.vn/may-tinh-xach-tay/hp-15s-fq5081tu-i5-1235u
"Laptop Lenovo V14 G2 ITL i7 1165G7/8GB/512GB/14.0""FHD/Win 11 (No.00803010)",15990000,Lenovo,"Intel, Core i7, 1165G7",8,14.0,Intel UHD Graphics,SDD,512,Windows 11 Home,1.6 kg,Trung Quốc,2021,FPTShop,https://fptshop.com.vn/may-tinh-xach-tay/lenovo-v14-g2-itl-i7-1165g7
"Laptop Asus Vivobook X515EA-BQ3015W i7 1165G7/8GB/512GB/15.6""FHD/Win 11 (No.00832763)",15990000,Asus,"Intel, Core i7, 1165G7",8,15.6,Intel UHD Graphics,SDD,512,Windows 11,1.8 kg,Trung Quốc,2022,FPTShop,https://fptshop.com.vn/may-tinh-xach-tay/asus-vivobook-x515ea-bq3015w-i7-1165g7
"Laptop Lenovo ThinkBook 14s G2 ITL i5 1135G7/8GB/256GB/14.0""FHD/Win 11 (No.00834415)",15990000,Lenovo,"Intel, Core i5, 1135G7",8,14.0,Intel Iris Xe Graphics,SDD,256,Windows 11 Home,1.27 kg,Trung Quốc,2022,FPTShop,https://fptshop.com.vn/may-tinh-xach-tay/lenovo-thinkbook-14s-g2-itl-i5-1135g7
"Laptop Lenovo IdeaPad Slim 5 R7 4700U/8GB/128GB SSD+1TB HDD/15.6""FHD_NK (No.00785469)",15990000,Lenovo,"AMD, Ryzen 7, 4700U",8,15.6,AMD Radeon Graphics,SDD,1281000,Windows 10 Home,1.66 kg,Trung Quốc,2020,FPTShop,https://fptshop.com.vn/may-tinh-xach-tay/ideapad-slim-5-r7-4700u
"Laptop HP Pavilion x360 14-ek0058TU i3 1215U/8GB/256GB/14.0""FHD Touch/Win 11 (No.00834720)",15790000,HP,"Intel, Core i3, 1215U",8,14.0,Intel UHD Graphics,SDD,256,Windows 11 Home Single Language,1.53 kg,Trung Quốc,2022,FPTShop,https://fptshop.com.vn/may-tinh-xach-tay/hp-pavilion-x360-14-ek0058tu-i3-1215u
"Laptop HP Pavilion x360 14 ek0059TU i3 1215U/8GB/256GB/14.0""FHD Touch/Win 11 (No.00826435)",15790000,HP,"Intel, Core i3, 1215U",8,14.0,Intel UHD Graphics,SDD,256,Windows 11 Home Single Language,1.517 kg,Trung Quốc,2022,FPTShop,https://fptshop.com.vn/may-tinh-xach-tay/hp-pavilion-x360-14-ek0059tu-i3-1215u
"Laptop Lenovo IdeaPad 5 15ABA7 R5 5625U/8GB/512GB/15.6"" FHD/Win 11 (No.00836268)",15490000,Lenovo,"AMD, Ryzen 5, 5625U",8,15.6,AMD Radeon Graphics,SDD,512,Windows 11 Home,1.85 kg,Trung Quốc,2022,FPTShop,https://fptshop.com.vn/may-tinh-xach-tay/lenovo-ideapad-5-15aba7-r5-5625u
"Laptop MSI Modern 15 A5M 234VN R5 5500U/8GB/512GB/15.6""FHD/Win 11 (No.00783936)",15490000,MSI,"AMD, Ryzen 5, 5500U",8,15.6,AMD Radeon Graphics,SDD,512,Windows 11 Home,1.6 kg,Trung Quốc,2021,FPTShop,https://fptshop.com.vn/may-tinh-xach-tay/msi-modern-15-a5m-234vn-r5-5500u
"Laptop Acer Aspire 3 A315-58-53S6 i5 1135G7/8GB/256GB/15.6""FHD/Win 11 (No.00816129)",15290000,Acer,"Intel, Core i5, 1135G7",8,15.6,Intel Iris Xe Graphics,SDD,256,Windows 11 Home (ColorOS 12),1.7 kg,Trung Quốc,2021,FPTShop,https://fptshop.com.vn/may-tinh-xach-tay/acer-aspire-3-a315-58-53s6-i5-1135g7
"Laptop Asus Vivobook A1503ZA-L1150W i3 1220P/8GB/256GB/15.6""FHD/Win 11 (No.00826492)",14990000,Asus,"Intel, Core i3, 1220P",8,15.6,Intel UHD Graphics,SDD,256,Windows 11,1.7 kg,Trung Quốc,2022,FPTShop,https://fptshop.com.vn/may-tinh-xach-tay/asus-vivobook-a1503za-l1150w-i3-1220p
"Laptop Asus Vivobook A1403ZA-LY153W i3 1220P/8GB/512GB/14""WUXGA/Win 11 (No.00825866)",14190000,Asus,"Intel, Core i3, 1220P",8,14.0,Intel UHD Graphics,SDD,512,Windows 11 Home,1.60 kg,Trung Quốc,2022,FPTShop,https://fptshop.com.vn/may-tinh-xach-tay/asus-vivobook-a1403za-ly153w-i3-1220p
"Laptop HP Pavilion 14 dv2051TU i3 1215U/4GB/256GB/14""FHD/Win 11 (No.00820618)",13790000,HP,"Intel, Core i3, 1215U",4,14.0,Intel UHD Graphics,SDD,256,Windows 11 Home,1.41 kg,Trung Quốc,2022,FPTShop,https://fptshop.com.vn/may-tinh-xach-tay/hp-pavilion-14-dv2051tu-i3-1215u
"Laptop HP Pavilion 14-dv2050TU i3 1215U/4GB/256GB/14""FHD/Win 11 (No.00834719)",13790000,HP,"Intel, Core i3, 1215U",4,14.0,Intel UHD Graphics,SDD,256,Windows 11 Home,1.41 kg,Trung Quốc,2022,FPTShop,https://fptshop.com.vn/may-tinh-xach-tay/hp-pavilion-14-dv2050tu-i3-1215u
"Laptop Asus Vivobook X1402ZA-EK098W i3 1220P/8GB/256GB/14.0""FHD/Win 11 (No.00828709)",13690000,Asus,"Intel, Core i3, 1220P",8,14.0,Intel UHD Graphics,SDD,256,Windows 11,1.5 kg,Trung Quốc,2022,FPTShop,https://fptshop.com.vn/may-tinh-xach-tay/asus-vivobook-x1402za-ek098w-i3-1220p
"Laptop Asus Vivobook A415EA-EK2429W i3 1115G4/8GB/512GB/14"" FHD/Win 11 (No.00828861)",13490000,Asus,"Intel, Core i3, 1115G4",8,14.0,Intel UHD Graphics,SDD,512,Windows 11 Home,1.35 kg,Trung Quốc,2022,FPTShop,https://fptshop.com.vn/may-tinh-xach-tay/asus-vivobook-a415ea-ek2429w-i3-1115g4
"Laptop Asus Vivobook X415EA-EB640W i5 1135G7/4GB/512GB/14.0""FHD/Win 11 (No.00836273)",13490000,Asus,"Intel, Core i5, 1135G7",4,14.0,Intel UHD Graphics,SDD,512,Windows 11,1.6 kg,Trung Quốc,2022,FPTShop,https://fptshop.com.vn/may-tinh-xach-tay/asus-vivobook-x415ea-eb640w-i5-1135g7
"Laptop Lenovo IdeaPad 3 14IAU7 i3 1215U/8GB/512GB/14""FHD/Win 11 (No.00836270)",12790000,Lenovo,"Intel, Core i3, 1215U",8,14.0,Intel UHD Graphics,SDD,512,Windows 11 Home,1.63 kg,Trung Quốc,2022,FPTShop,https://fptshop.com.vn/may-tinh-xach-tay/lenovo-ideapad-3-14iau7-i3-1215u
"Laptop Asus Vivobook Flip TP470EA-EC346W i3 1115G4/4GB/512GB/14.0""FHDTouch/Win11 (No.00800359)",12290000,Asus,"Intel, Core i3, 1115G4",4,14.0,Intel UHD Graphics,SDD,512,Windows 11 Home,1.8 kg,Trung Quốc,2022,FPTShop,https://fptshop.com.vn/may-tinh-xach-tay/asus-vivobook-flip-tp470ea-ec346w-i3-1115g4
"Lenovo IdeaPad Slim 3 R5 3500U/8GB/128GB+1TB/14.0""FHD_NK (No.00786813)",12190000,Lenovo,"AMD, Ryzen 5, 3500U",8,14.0,AMD Radeon Graphics Vega 8,SDD,1281000,Windows 10 Home,1.6 kg,Trung Quốc,2020,FPTShop,https://fptshop.com.vn/may-tinh-xach-tay/lenovo-ideapad-slim-3-r5-3500u
"Laptop Acer Aspire 3 A315-56-38B1 i3 1005G1/4GB/256GB/15.6""FHD/Win11 (No.00797983)",9990000,Acer,"Intel, Core i3, 1005G1",4,15.6,Intel UHD Graphics,SDD,256,Windows 11 Home Single Language,1.7 kg,Trung Quốc,2021,FPTShop,https://fptshop.com.vn/may-tinh-xach-tay/acer-aspire-3-a315-56-38b1-i3-1005g1
"Laptop Asus Vivobook D515DA-EJ1364W/R3-3250U/4GB/512GB/15.6"" FHD/Win11 (No.00808461)",9990000,Asus,"AMD, Ryzen 3, 3250U",4,15.6,AMD Radeon Graphics,SDD,512,Windows 11,1.8 kg,Trung Quốc,2022,FPTShop,https://fptshop.com.vn/may-tinh-xach-tay/asus-vivobook-d515da-ej1364w-r3-3250u
"Lenovo Ideapad Slim 3 i3 1115G4/4GB/128GB/15.6""FHD/Win 10_NK (No.00788631)",8990000,Lenovo,"Intel, Core i3, 1115G4",4,15.6,Intel UHD Graphics,SDD,128,Windows 10,1.7 kg,Trung Quốc,2021,FPTShop,https://fptshop.com.vn/may-tinh-xach-tay/lenovo-ideapad-slim-3-i3-1115g4
"Laptop Asus Vivobook X515KA-BR108W/N6000/4GB/256GB/15.6""HD/Win 11 (No.00813505)",8790000,Asus,"Intel, Pentium, N6000",4,15.6,Intel UHD Graphics,SDD,256,Windows 11 Home,1.8 kg,Trung Quốc,2022,FPTShop,https://fptshop.com.vn/may-tinh-xach-tay/asus-vivobook-x515ka-br108w
Laptop CHUWI LarkBook Celeron N4120/8GB/256GB/13.3''IPS Touch/Win 10 (No.00789963),8090000,Chuwi,"Intel, Celeron, N4120",8,13.3,Intel UHD Graphics 600,SDD,256,Windows 10 Home,1.5 kg,Trung Quốc,2021,FPTShop,https://fptshop.com.vn/may-tinh-xach-tay/chuwi-larkbook-n4120
Laptop Acer Aspire 3 A314-35-P3G9 Pentium N6000/4GB/256GB SSD/Win11 (No.00793773),7990000,Acer,"Intel, Pentium, N6000",4,14.0,Intel UHD Graphics,SDD,256,Windows 11 Home,1.45 kg,Trung Quốc,2021,FPTShop,https://fptshop.com.vn/may-tinh-xach-tay/acer-aspire-3-a314-35-p3g9-pentium-n6000
"Laptop HP 240 G8 Pentium N5030/4GB/256GB/14.0""HD/Win 10 (No.00790274)",7490000,HP,"Intel, Pentium, N5030",4,14.0,Intel UHD Graphics 605,SDD,256,Windows 10 Home,1.47 kg,Trung Quốc,2021,FPTShop,https://fptshop.com.vn/may-tinh-xach-tay/hp-240-g8-pentium-n5030
"Laptop Dell Inspiron N3510 N4020/4GB/128GB/15.6""HD/Intel HD/Win 10/91K5_NK (No.00780776)",7190000,Dell,"Intel, Celeron, N4020",4,15.6,Intel UHD Graphics 600,SDD,128,Windows 10 Home,1.65 kg,Trung Quốc,2021,FPTShop,https://fptshop.com.vn/may-tinh-xach-tay/dell-inspiron-n3510-n4020-nk
"Laptop Dell Inspiron N3502 N4020/4GB/128GB/15.6""HD/Intel HD/Win 10/NK (No.00779668)",7190000,Dell,"Intel, Celeron, N4020",4,15.6,Intel UHD Graphics 600,SDD,128,Windows 10 Home,1.83 kg,Trung Quốc,2020,FPTShop,https://fptshop.com.vn/may-tinh-xach-tay/dell-inspiron-n3502-celeron-n4020-win-10-nk
"Laptop Dell Inspiron N3510 Celeron N4020/4GB/128GB15.6""HD/Intel HD/Win 10/NK (No.00775823)",7190000,Dell,"Intel, Celeron, N4020",4,15.6,Intel UHD Graphics 600,SDD,128,Windows 10 Home,1.65 kg,Trung Quốc,2021,FPTShop,https://fptshop.com.vn/may-tinh-xach-tay/dell-inspiron-n3510-celeron-n4020-win-10-nk
Laptop Acer Aspire 3 A314-35-C3KS Celeron N5100/4GB/256GB SSD/14.0'' HD/Win11 (No.00797333),6990000,Acer,"Intel, Celeron, N5100",4,14.0,Intel UHD Graphics,SDD,256,Windows 11 Home Single Language,1.45 kg,Trung Quốc,2021,FPTShop,https://fptshop.com.vn/may-tinh-xach-tay/acer-aspire-3-a314-35-c3ks-celeron-n5100
"Laptop Masstel E116 Celeron N4020/4GB/128GB/11.6""HD/Win 10 (No.00800741)",4590000,Masstel,"Intel, Celeron, N4020",4,11.6,Intel UHD Graphics,SDD,128,Windows 10,0.9 kg,Trung Quốc,2022,FPTShop,https://fptshop.com.vn/may-tinh-xach-tay/masstel-e116-celeron-n4020
"Laptop Dell XPS 15 9520 i9 12900HK/16GB/512GB/15.6"" OLED 3.5K Touch/GeForce RTX 3050 Ti 4GB/Win11 (No.00834406)",77990000,Dell,"Intel, Core i9, 12900HK",16,15.6,NVIDIA GeForce RTX 3050 Ti 4 GB; Intel Iris Xe Graphics,SDD,512,Windows 11 Home,1.96 kg,Trung Quốc,đang cập nhập,FPTShop,https://fptshop.com.vn/may-tinh-xach-tay/dell-xps-15-9520-i9-12900hk
"Laptop HP Envy 16-h0033TX i9 12900H/16GB/512GB/16.0""WQXGAT/GeForce RTX 3060 6GB/Win 11 (No.00833496)",54990000,HP,"Intel, Core i9, 12900H",16,16.0,NVIDIA GeForce RTX 3060 6GB,SDD,512,Windows 11 Home Single Language,2.37 kg,Trung Quốc,2022,FPTShop,https://fptshop.com.vn/may-tinh-xach-tay/hp-envy-16-h0033tx-i9-12900h
"Laptop Lenovo Yoga 9 14IAP7 i7 1280P/16GB/1TB/ 14.0""4K WQUXGA/Bút/Win 11 (No.00820175)",46990000,Lenovo,"Intel, Core i7, 1280P",16,14.0,Intel Iris Xe Graphics,SDD,1000,Windows 11 Home,1.4 kg,Trung Quốc,09/03/2022,FPTShop,https://fptshop.com.vn/may-tinh-xach-tay/lenovo-yoga-9-14iap7-i7-1280p
"Laptop HP Spectre x360 14-ef0030TU i7 1255U/16GB/1TB/13.5""Touch/Win 11 (No.00838539)",46990000,HP,"Intel, Core i7, 1255U",16,13.5,Intel Iris Xe Graphics,SDD,1000,Windows 11 Home Single Language,1.36 kg,Trung Quốc,2022,FPTShop,https://fptshop.com.vn/may-tinh-xach-tay/hp-spectre-x360-14-ef0030tu-i7-1255u
"Laptop LG Gram 16Z90Q-G.AH76A5 i7 1260P/16GB/512GB/16""WUXGA/Win 11 (No.00833353)",45590000,LG,"Intel, Core i7, 1260P",16,16.0,Intel Iris Xe Graphics,SDD,512,Windows 11,2.25 kg,Trung Quốc,2022,FPTShop,https://fptshop.com.vn/may-tinh-xach-tay/lg-gram-16z90q-gah76a5-i7-1260p
"Laptop Dell XPS 13 9320 i5 1240P/16GB/512GB SSD/13.4"" OLED 3.5K Touch/Win 11 (No.00834407)",44990000,Dell,"Intel, Core i5, 1240P",16,13.4,Intel Iris Xe Graphics,SDD,512,Windows 11 Home,1.27 kg,Trung Quốc,đang cập nhập,FPTShop,https://fptshop.com.vn/may-tinh-xach-tay/dell-xps-13-9320-i5-1240p
"Laptop LG Gram 16Z90Q-G.AH52A5 i5 1240P/16GB/256GB/16""WUXGA/Win 11 (No.00833355)",40690000,LG,"Intel, Core i5, 1240P",16,16.0,Intel Iris Xe Graphics,SDD,256,Windows 11,1.199 kg,Trung Quốc,2022,FPTShop,https://fptshop.com.vn/may-tinh-xach-tay/lg-gram-16z90q-gah52a5-i5-1240p
"Laptop Dell Inspiron 16 N5620 i7 1255U/16GB/512GB/16.0""FHD+/GeForce MX570 2GB/Win11 (No.00836240)",30990000,Dell,"Intel, Core i7, 1255U",16,16.0,Intel Iris Xe Graphics,SDD,512,Windows 11 Home Single Language,1.87 kg,Trung Quốc,2022,FPTShop,https://fptshop.com.vn/may-tinh-xach-tay/dell-inspiron-16-n5620-i7-1255u
Laptop MSI Gaming Katana GF66 12UDK-814VN i7 12650H/16G/512G/15.6FHD/GeForce RTX 3050Ti 4GB/Win11_Balo (No.00842519),27990000,MSI,"Intel, Core i7, 12650H",16,15.6,NVIDIA GeForce RTX 3050 Ti 4 GB; Intel UHD Graphics,SDD,512,Windows 11 Home,2.25 kg,Trung Quốc,2022,FPTShop,https://fptshop.com.vn/may-tinh-xach-tay/msi-gaming-katana-gf66-12udk-814vn-i7-12650h
"Laptop Microsoft Surface Pro 8 i5 1135G7/8GB/256GB/13"" Touch/Win 11 (No.00823439)",27990000,Microsoft,"Intel, Core i5, 1135G7",8,13.0,Intel Iris Xe Graphics,SDD,256,Windows 11,891 g,Trung Quốc,2022,FPTShop,https://fptshop.com.vn/may-tinh-xach-tay/microsoft-surface-pro-8-i5-1135g7
"Laptop Gigabyte Gaming G5 GE-51VN213SH i5 12500H/16GB/512GB/15.6""FHD/GeForce RTX3050 4GB/Win11 (No.00850526)",25890000,Gigabyte,"Intel, Core i5, 12500H",16,15.6,NVIDIA GeForce RTX 3050 4GB; Intel Iris Xe Graphics,SDD,512,Windows 11 Home,1.9 kg,Trung Quốc,2022,FPTShop,https://fptshop.com.vn/may-tinh-xach-tay/gigabyte-gaming-g5-ge-51vn213sh-i5-12500h-rtx350
"Laptop Lenovo ThinkBook 14p G3 ARH R5-6600H/16GB/512GB/14.0""2.2K/Win 11 (No.00850262)",25290000,Lenovo,"AMD, Ryzen 5, 6600H",16,1.4 ,AMD Radeon Graphics,SDD,512,Windows 11 Home,1.4 kg,Trung Quốc,2022,FPTShop,https://fptshop.com.vn/may-tinh-xach-tay/lenovo-thinkbook-14p-g3-arh-r5-6600h
"Laptop Lenovo Ideapad 5 Pro 14IAP7 i7 1260P/16GB/512GB/14"" 2.8K/Win 11 (No.00833490)",25190000,Lenovo,"Intel, Core i7, 1260P",16,14.0,Intel Iris Xe Graphics,SDD,512,Windows 11 Home,1.4 kg,Trung Quốc,2022,FPTShop,https://fptshop.com.vn/may-tinh-xach-tay/lenovo-ideapad-5-pro-14iap7-i7-1260p
"Laptop LG Gram 14Z90Q-G.AJ32A5 i3 1220P/8GB/256GB/14""WUXGA/Win 11 (No.00832764)",25190000,LG,"Intel, Core i3, 1220P",8,14.0,Intel UHD Graphics,SDD,256,Windows 11,999 g,Trung Quốc,2022,FPTShop,https://fptshop.com.vn/may-tinh-xach-tay/lg-gram-14z90q-gaj32a5-i3-1220p
"Laptop Dell Inspiron 16 5620 i5 1240P/16GB/512GB/16.0"" FHD+/Win11 (No.00839615)",23990000,Dell,"Intel, Core i5, 1240P",16,16.0,Intel Iris Xe Graphics,SDD,512,Windows 11 Home Single Language,1.97 kg,Trung Quốc,2022,FPTShop,https://fptshop.com.vn/may-tinh-xach-tay/dell-inspiron-16-5620-i5-1240p
"Laptop Lenovo ThinkBook 14 G4 IAP i5 1240P/8GB/512GB/14.0""FHD/Win 11 (No.00850264)",22290000,Lenovo,"Intel, Core i5, 1240P",8,14.0,Intel Iris Xe Graphics,SDD,512,Windows 11 Home,1400,Trung Quốc,2022,FPTShop,https://fptshop.com.vn/may-tinh-xach-tay/lenovo-thinkbook-14-g4-iap-i5-1240p
"Laptop HP 15s fq5160TU i5 1235U/16GB/512GB/15.6""FHD/Win 11 (No.00851505)",19990000,HP,"Intel, Core i5, 1235U",16,15.6,Intel Iris Xe Graphics,SDD,512,Windows 11 Home,1.7 kg,Trung Quốc,2022,FPTShop,https://fptshop.com.vn/may-tinh-xach-tay/hp-15s-fq5160tu-i5-1235u
"Laptop Lenovo ThinkPad E15 Gen 4 R5-5625U/8GB/512GB/15.6""FHD/Win 11 (No.00849511)",19790000,Lenovo,"AMD, Ryzen 5, 5625U",8,15.6,AMD Radeon Graphics,SDD,512,Windows 11 Home,1.78 kg,Trung Quốc,2022,FPTShop,https://fptshop.com.vn/may-tinh-xach-tay/lenovo-thinkpad-e15-gen-4-r5-5625u
"Laptop Dell Inspiron 15 N3520 i5 1235U/8GB/512GB/15.6""FHD/Win11 (No.00839614)",18990000,Dell,"Intel, Core i5, 1235U",8,15.6,Intel UHD Graphics,SDD,512,Windows 11 Home Single Language,1.9 kg,Trung Quốc,2022,FPTShop,https://fptshop.com.vn/may-tinh-xach-tay/dell-inspiron-15-n3520-i5-1235u
"Laptop Asus Vivobook A515EA-L12033W i5 1135G7/8GB/512GB/15.6""FHD/Win 11 (No.00809819)",18990000,Asus,"Intel, Core i5, 1135G7",8,15.6,Intel UHD Graphics,SDD,512,Windows 11,1.80 kg,Trung Quốc,2022,FPTShop,https://fptshop.com.vn/may-tinh-xach-tay/asus-vivobook-a515ea-l12033w-i5-1135g7
"Laptop HP 15s fq5161TU i5 1235U/8GB/512GB/15.6""FHD/Win 11 (No.00851503)",18690000,HP,"Intel, Core i5, 1235U",8,15.6,Intel Iris Xe Graphics,SDD,256,Windows 11 Home,1.7 kg,Trung Quốc,2022,FPTShop,https://fptshop.com.vn/may-tinh-xach-tay/hp-15s-fq5161tu-i5-1235u
Laptop HP 14s dq5100TU i5 1235U/8GB/256GB/14''FHD/Win 11 (No.00851502),17690000,HP,"Intel, Core i5, 1235U",8,14.0,Intel Iris Xe Graphics,SDD,256,Windows 11 Home,1.46 kg,Trung Quốc,2022,FPTShop,https://fptshop.com.vn/may-tinh-xach-tay/hp-14s-dq5100tu-i5-1235u
"Laptop HP Pavilion 15 eg2059TU i5 1240P/8GB/256GB/15.6""FHD/Win 11 (No.00828897)",17090000,HP,"Intel, Core i5, 1240P",8,15.6,Intel Iris Xe Graphics,SDD,256,Windows 11 Home Single Language,1.702 kg,Trung Quốc,2022,FPTShop,https://fptshop.com.vn/may-tinh-xach-tay/hp-pavilion-15-eg2059tu-i5-1240p
Laptop HP 14s fq1065AU R5 5500U/8GB/512GB/14” HD/ Win 11 (No.00851500),12990000,HP,"AMD, Ryzen 5, 5500U",8,14.0,AMD Radeon Graphics,SDD,512,Windows 11 Home,1.47 kg,Trung Quốc,2021,FPTShop,https://fptshop.com.vn/may-tinh-xach-tay/hp-14s-fq1065au-r5-5500u
"Laptop HP 15s fq2712TU i3 1115G4/8GB/256GB/15.6""FHD/Win 11 (No.00851499)",12690000,HP,"Intel, Core i3, 1115G4",8,15.6,Intel UHD Graphics,SDD,256,Windows 11 Home,1.7 kg,Trung Quốc,2022,FPTShop,https://fptshop.com.vn/may-tinh-xach-tay/hp-15s-fq2712tu-i3-1115g4
"Laptop Lenovo IdeaPad 1 15AMN7 R5 7520U/8GB/512GB/15.6""FHD/Win 11 (No.00849513)",12490000,Lenovo,"AMD, Ryzen 5, 7520U",8,15.6,AMD Radeon 610 2GB,SDD,512,Windows 11 Home Single Language,1.58 kg,Trung Quốc,2022,FPTShop,https://fptshop.com.vn/may-tinh-xach-tay/lenovo-ideapad-1-15amn7-r5-7520u
