id,sku,short_description,price,list_price,price_usd,discount,discount_rate,review_count,order_count,inventory_status,is_visible,stock_item_qty,stock_item_max_sale_qty,product_name,brand_id,brand_name
173211404,7514928433043,"1.ThÃ´ng tin sáº£n pháº©m:- TÃªn sáº£n pháº©m: Gháº¿ xoay, Gháº¿ xoay vÄƒn phÃ²ng lÃ m viá»‡c- MÃ£ sáº£n pháº©m: E4928 / E4929 / E4925 / E4926G2. ThÃ´ng tin chi tiáº¿t- Trá»ng lÆ°á»£ng: 7.6kg - 9.1kg- Cháº¥t liá»‡u: ChÃ¢n vÃ  khung ...",649000,1348200,,699200,52,400,,available,,1000,1000,,46703,Deli
118966833,4311364114187,"MÃ³c dÃ¡n tÆ°á»ng treo cÃ¢y lau nhÃ  siÃªu chá»‹u lá»±c Parroti Keeper KP02 lÃ  sáº£n pháº©m tiá»‡n Ã­ch giÃºp cho khÃ´ng gian nhÃ  báº¡n gá»n gÃ ng vÃ  ngÄƒn náº¯p hÆ¡n, miáº¿ng dÃ¡n cháº¯c cháº¯n vÃ  dÃ­nh trÃªn má»i loáº¡i bá» máº·t sÃ n nhÆ° s...",23900,42000,,18100,43,321,,available,,1000,1000,,746615,Parroti
83412126,2186358773080,BÃ¬nh Giá»¯ Nhiá»‡t Lock&Lock Energetic One-Touch Tumbler LHC3249 - 550ML vá»›i thiáº¿t káº¿ náº¯p má»Ÿ má»™t cháº¡m dá»… dÃ ng: Äáº©y sang trÃ¡i Ä‘á»ƒ má»Ÿ khÃ³a Ä‘á»“ng thá»i má»Ÿ náº¯p.Miá»‡ng cá»‘c rá»™ng: Dá»… dÃ ng thÃªm Ä‘Ã¡ viÃªn vÃ  chÃ¹i ...,264000,528000,,264000,50,3029,,available,,1000,1000,,48077,Lock&Lock
73124602,7494611465205,BÃ¬nh Giá»¯ Nhiá»‡t ThÃ©p KhÃ´ng Gá»‰ Vacuum Bottle Lock&Lock LHC6180FU (800ml) thiáº¿t káº¿ xÃ¡ch tay dá»… dÃ ng cho viá»‡c mang theo. MÃ u sáº¯c ná»•i báº­t mang Ä‘á»ƒn cáº£m giÃ¡c tráº» trung khi sá»­ dá»¥ng.BÃ¬nh giá»¯ nhiá»‡t mang tÃ­...,339000,677000,,338000,50,6453,,available,,1000,1000,,48077,Lock&Lock
99868980,5466758134944,"Â Â Â BÃ¬nh Giá»¯ Nhiá»‡t Locknlock Bucket Tumbler LHC4269 cÃ³ tay cáº§m cháº¯c cháº¯n thuáº­n tiá»‡n mang Ä‘i.Náº¯p vÃ  lÆ°á»›i lá»c cÃ³ thá»ƒ thÃ¡o rá»i, dá»… dÃ ng vá»‡ sinh.Miá»‡ng bÃ¬nh rá»™ng Ä‘á»§ Ä‘á»ƒ vá»‡ sinh bÃªn trong vÃ  thÃªm Ä‘Ã¡ v...",237000,473000,,236000,50,1867,,available,,1000,1000,,48077,Lock&Lock
57867023,3339191897104,"CÃ¢y lau nhÃ  xoay 360 Ä‘á»™ SUNHOUSE KS-MO350IÂ cÃ³ cÃ¡n lÃ m báº±ng inox 201 vá»›i tay cáº§m báº±ng nhá»±a PP cao cáº¥p, cháº¯c cháº¯n, khÃ´ng bá»‹ han gá»‰ vÃ  cÃ³ thá»ƒ thÃ¡o láº¯p dá»… dÃ ng khi sá»­ dá»¥ng. CÃ¢y lau cÃ³ thá»ƒ Ä‘iá»u chá»‰nh Ä‘á»™ dÃ ...",139000,200000,,61000,31,497,,available,,1000,1000,,41048,Sunhouse
1657931,2083613875744,"Vá»£t Muá»—i Sunhouse SHE-E250Â cÃ³ kiá»ƒu dÃ¡ng gá»n nháº¹ vá»›i thiáº¿t káº¿ lÆ°á»›i Ä‘iá»‡n an toÃ n, Ä‘Æ°á»£c lÃ m báº±ng 2 lá»›p lÆ°á»›i nhÃ´m (bÃªn ngoÃ i) vÃ  1 lá»›p lÆ°á»›i sáº¯t (bÃªn trong), giÃºp tiÃªu diá»‡t muá»—i nhanh chÃ³ng.Sáº£n pháº©m cÃ³ kh...",74000,119000,,45000,38,1152,,available,,1000,1000,,41048,Sunhouse
141298295,3652757637055,       ÄÃ¢y lÃ  gÃ³i háº¡t trá»“ng thá»­ - ko cÃ³ bao bÃ¬   * THÃ”NG TIN Sáº¢N PHáº¨M   - Sá»‘ háº¡t/gÃ³i hoáº·c trá»ng lÆ°á»£ng: 5H;   - Tá»· lá»‡ náº£y máº§m: >80%;   - MÃ¹a Vá»¥:quanh nÄƒm;   - Nhiá»‡t Ä‘á»™ gieo: 15 - 30 Ä‘á»™;   ...,2000,2000,,0,0,0,,available,,1000,1000,,111461,OEM
57867023,3339191897104,"CÃ¢y lau nhÃ  xoay 360 Ä‘á»™ SUNHOUSE KS-MO350IÂ cÃ³ cÃ¡n lÃ m báº±ng inox 201 vá»›i tay cáº§m báº±ng nhá»±a PP cao cáº¥p, cháº¯c cháº¯n, khÃ´ng bá»‹ han gá»‰ vÃ  cÃ³ thá»ƒ thÃ¡o láº¯p dá»… dÃ ng khi sá»­ dá»¥ng. CÃ¢y lau cÃ³ thá»ƒ Ä‘iá»u chá»‰nh Ä‘á»™ dÃ ...",139000,200000,,61000,31,497,,available,,1000,1000,,41048,Sunhouse
71890908,5955369732589,Bá»™ lau nhÃ  lÃ  váº­t dá»¥ng cáº§n thiáº¿t cho má»—i gia Ä‘Ã¬nh. Sáº£n pháº©mÂ Bá»™ lau nhÃ  xoay 360 Ä‘á»™ SUNHOUSEÂ KS-CL330SÂ bao gá»“m má»™t thÃ¹ng giáº·t cÃ³ chá»©a lá»“ng váº¯t vÃ  1 cÃ¢y lau. Vá»›i Ä‘iá»ƒm nháº¥n lÃ  bá»™ táº¡o chuyá»ƒn Ä‘á»™ng 360 Ä‘á»™ ...,277000,412000,,135000,33,321,,available,,1000,1000,,41048,Sunhouse
144448303,9599992860561,Cháº¥t liá»‡u: Äá»“ng thau máº¡ vÃ ng.Â KÃ­ch thÆ°á»›c: 13cm.Trá»ng lÆ°á»£ng: 0.4kg.Thá»i gian báº£o hÃ nh: vÄ©nh viá»…n trá»n Ä‘á»i.Xuáº¥t xá»©: Sáº£n xuáº¥t táº¡i cÃ´ng ty CPQT Trung DÅ©ng.Â Sáº¢N PHáº¨M DÃ€NH RIÃŠNG CHO NGÆ¯á»œI CÃ”NG GIÃO...,640000,640000,,0,0,0,,available,,1000,1000,,111461,OEM
53789448,6888275518789,Â Â Â Báº N MUá»N MUA THÃŠM Sáº¢N PHáº¨M KHÃC Cá»¦A PARROTIÂ Bá»™ lau nhÃ  ProMax - Size Lá»›nThÃ¹ng rÃ¡c Parroti BinCá» bá»“n cáº§u Parroti SiliconÂ Bá»™ cÃ¢y lau nhÃ  thÃ´ng minh tá»± váº¯t Parroti ...,439000,799000,,360000,45,3499,,available,,1000,1000,,746615,Parroti
99621372,4566919726066,"BÃ¬nh giá»¯ nhiá»‡t Lock&Lock Belt Bottle LHC4267 490ml vá»›i quai xÃ¡ch kiá»ƒu dÃ¡ng dÃ¢y Ä‘ai giÃºp dá»… dÃ ng mang Ä‘i.Tay cáº§m TPE ngÄƒn náº¯p rÆ¡i ra vÃ  máº¥t, dÃ¢y Ä‘ai cá»‘ Ä‘á»‹nh náº¯p trong khi uá»‘ng.Náº¯p Ä‘Æ°á»£c giá»¯ cá»‘ ...",237000,473000,,236000,50,1054,,available,,1000,1000,,48077,Lock&Lock
53583472,4451468802389,"Bá»™ Há»™p CÆ¡m Giá»¯ Nhiá»‡t Lock&Lock Easy Carry 2L LHC8039 CÃ³ TÃºi (1 Há»™p 720ml, 2 Há»™p 420ml KÃ¨m 1 Bá»™ Muá»—ng VÃ  NÄ©a) Ä‘Æ°á»£c lÃ m báº±ng cháº¥t liá»‡u thÃ©p khÃ´ng gá»‰ cao cáº¥p, khÃ´ng nhá»¯ng bá»n cháº¯c mÃ  cÃ²n mang láº¡i hiá»‡...",834000,1667000,,833000,50,2354,,available,,1000,1000,,48077,Lock&Lock
58804363,7785294673323,"Lá»±c bÄƒm nghiá»n máº¡nh nhá» hoáº¡t Ä‘á»™ng báº±ng phÆ°Æ¡ng phÃ¡p xoay vÃ  ba lÆ°á»¡i dao báº±ng thÃ©p khÃ´ng gá»‰.Náº¿u báº¡n kÃ©o thanh kÃ©o nhiá»u láº§n, ba lÆ°á»¡i dao sáº½ quay nhanh vÃ  bÄƒm Ä‘á»u rau cá»§.LÆ°á»¡i dao báº±ng thÃ©p khÃ´ng gá»‰ kh...",98100,193000,,94900,49,2634,,available,,1000,1000,,48077,Lock&Lock
53789448,6888275518789,Â Â Â Báº N MUá»N MUA THÃŠM Sáº¢N PHáº¨M KHÃC Cá»¦A PARROTIÂ Bá»™ lau nhÃ  ProMax - Size Lá»›nThÃ¹ng rÃ¡c Parroti BinCá» bá»“n cáº§u Parroti SiliconÂ Bá»™ cÃ¢y lau nhÃ  thÃ´ng minh tá»± váº¯t Parroti ...,439000,799000,,360000,45,3499,,available,,1000,1000,,746615,Parroti
92521124,7804360500613,"á»¦ng Bá»c GiÃ y Äi MÆ°a Chá»‘ng NÆ°á»›c CÃ³ Äáº¿ Chá»‘ng TrÆ¡n TrÆ°á»£t Cao Cáº¥pNhá»¯ng cÆ¡n mÆ°a báº¥t chá»£t khÃ´ng bÃ¡o trÆ°á»›c luÃ´n lÃ  ná»—i lo Ä‘á»‘i vá»›i má»—i ngÆ°á»i khi mÃ  Ã¡o mÆ°a khÃ´ng thá»ƒ che háº¿t Ä‘Æ°á»£c toÃ n cÆ¡ thá»ƒ, váº«n cÃ²n Ä‘Ã´i chÃ¢n...",42000,84000,,42000,50,212,,available,,1000,1000,,111461,OEM
126725438,8006443189097,"Cháº¥t liá»‡u: váº£i cÃ¡ch nhiá»‡t (1 máº·t mÃºt xá»‘p, 1 máº·t trÃ¡ng báº¡c) - viá»n váº£i khÃ´ng dá»‡tÃŠm Ã¡i - gá»n nháº¹, dá»… dÃ ng mang theo khi Ä‘i dÃ£ ngoáº¡i, vÄƒn phÃ²ng xáº¿p gá»n vÃ  vá»‡ sinh dá»… dÃ ngCho giáº¥c ngá»§ trÆ°a ngon, khÃ´ng n...",41000,41000,,0,0,291,,available,,1000,1000,,5187537,GINGOOD
141298301,3461618569285,Sáº£n pháº©m Ä‘Æ°á»£c Ä‘Ã³ng trong tÃºi zipper trong suá»‘t vÃ  niÃªm phong kÃ­n.ÄÆ¡n vá»‹ tÃ­nh: GÃ³iÄá»‹nh lÆ°á»£ng/gÃ³i: 2 háº¡tXuáº¥t xá»©: Viá»‡t Nam - RADO seedsTá»‰ lá»‡ náº£y máº§m: 89%--------------------------Thá»i vá»¥ trá»“ng dÆ°a ...,2000,2000,,0,0,6,,available,,1000,1000,,111461,OEM
186627908,4742192840663,"Gháº¿ GÃ¡c ChÃ¢n CÃ´ng ThÃ¡i Há»c, Gháº¿ KÃª ChÃ¢n VÄƒn PhÃ²ng Ergonomic Footrest Äáº§y Äá»§ PhiÃªn Báº£nÂ Gháº¿ gÃ¡c chÃ¢n cÃ´ng thÃ¡i há»c Ä‘Æ°á»£c nghiÃªn cá»©u vÃ  thiáº¿t káº¿ khoa há»c giÃºp nÃ¢ng Ä‘á»¡ chÃ¢n thoáº£i mÃ¡i khi lÃ m viá»‡c, há»c hÃ n...",199000,199000,,0,0,94,,available,,1000,1000,,111461,OEM
71890908,5955369732589,Bá»™ lau nhÃ  lÃ  váº­t dá»¥ng cáº§n thiáº¿t cho má»—i gia Ä‘Ã¬nh. Sáº£n pháº©mÂ Bá»™ lau nhÃ  xoay 360 Ä‘á»™ SUNHOUSEÂ KS-CL330SÂ bao gá»“m má»™t thÃ¹ng giáº·t cÃ³ chá»©a lá»“ng váº¯t vÃ  1 cÃ¢y lau. Vá»›i Ä‘iá»ƒm nháº¥n lÃ  bá»™ táº¡o chuyá»ƒn Ä‘á»™ng 360 Ä‘á»™ ...,277000,412000,,135000,33,321,,available,,1000,1000,,41048,Sunhouse
11488920,6235877269401,Â ...,355000,715000,,360000,50,5821,,available,,1000,1000,,48077,Lock&Lock
94778000,9100607091971,"Ã” dÃ¹ Ä‘Æ°á»£c sáº£n xuáº¥t trÃªn cÃ´ng nghá»‡ Nháº­t Báº£nÄá»™ má»Ÿ rá»™ng tá»›i 120cm vá»›i 10 nan Ã´ nan Ã´ dÃ y, thÃ©p dáº»o chá»‹u lá»±c tá»‘t háº¡n cháº¿ gáº­p gáº«y sáº£n pháº©mKhung, cÃ¡n cháº¯c cháº¯n, bá»n Ä‘áº¹p khÃ´ng gá»‰NÃºt báº¥m Ä‘Ã³ng má»Ÿ tá»± Ä‘á»™ng thá»i ...",196000,196000,,0,0,173,,available,,1000,1000,,837855,XUDI
48045630,8111055666089,Panasonic lÃ  thÆ°Æ¡ng hiá»‡u ná»•i tiáº¿ng tháº¿ giá»›i chuyÃªn sáº£n xuáº¥t cÃ¡c dÃ²ng pin gáº¯n trong. Mang láº¡i hiá»‡u suáº¥t tuyá»‡t vá»i cho thiáº¿t bá»‹ Ä‘á»“ng thá»i báº£o vá»‡ mÃ´i trÆ°á»ngVá»›i cÃ´ng nghá»‡ NHáº¬T Báº¢N Pin CR2032 sáº½ mang láº¡i ...,94000,95000,,1000,1,499,,available,,1000,1000,,18804,Panasonic
202805930,7443113842272,"Bá»™ Há»™p CÆ¡m Giá»¯ Nhiá»‡t HÃºt ChÃ¢n KhÃ´ng Lock&Lock NVY-4 - LHC8052S01 - Náº¯p phá»§ nhá»±a TPE chá»‘ng trÆ°á»£t, dá»… dÃ ng má»Ÿ náº¯p.Há»™p giá»¯ nhiá»‡t hÃºt chÃ¢n khÃ´ng vá»›i miá»‡ng rá»™ng giÃºp cho thá»©c Äƒn vÃ o má»™t cÃ¡ch Ä‘Æ¡n giáº£n....",750000,1490000,,740000,50,9,,available,,1000,1000,,48077,Lock&Lock
173155421,8420682409834,"Ká»† Gáº¤P Gá»ŒN Äá»ƒ Äá»“ Äa NÄƒng NhÃ  Báº¿p 3 Táº§ng, 4 Táº§ng Winci , ThÃ©p Carbon Chá»‘ng Rá»‰ Cao Cáº¥p, WKGG02Cam káº¿t chá»‰ bÃ¡n sáº£n pháº©m chÃ­nh hÃ£ng WinciCháº¥t lÆ°á»£ng luÃ´n Ä‘áº·t lÃªn hÃ ng Ä‘áº§u-------------------------------...",756000,900000,,144000,16,0,,available,,1000,1000,,5334757,Winci
54051410,2999140128379,"Thiáº¿t káº¿ tinh táº¿ sang trá»ng, phÃ¹ há»£p vá»›i khÃ´ng gian báº¿p hiá»‡n Ä‘áº¡iKiá»ƒu dÃ¡ng hiá»‡n Ä‘áº¡i, káº¿t cáº¥u bá»n cháº¯c:Â Sáº£n pháº©m Ä‘Æ°á»£c lÃ m tá»« há»£p kim nhÃ´m Anod cá»©ng báº±ng cÃ´ng nghá»‡ tiÃªn tiáº¿n giÃºp sáº£n pháº©m cÃ³ Ä‘á»™ cá»©ng vÃ  ...",459000,919000,,460000,50,1646,,available,,1000,1000,,41048,Sunhouse
203230333,7790227173772,"Bá»™ lau nhÃ  TIKILabel Innovative Mop Set cÃ³ Ä‘áº§u lau xoay 360 Ä‘á»™ linh hoáº¡t, lau má»i ngÃ³c ngÃ¡ch trong nhÃ  dá»… dÃ ng. Lá»“ng xoay ly tÃ¢m, báº±ng inox sÃ¡ng bÃ³ng, bá»n cháº¯c, trá»¥c xoay trÃªn cÃ¢y lau nháº¹ hÆ¡n dá»… thao...",299000,450000,,151000,34,19,,available,,1000,1000,,7888803,TIKILabel
173151383,2466015390311,"+ KÃ­ch thÆ°á»›c tháº£m : khoáº£ng 40cm x 60cm (kÃ­ch thÆ°á»›c cÃ³ thá»ƒ sai lá»‡ch tÃ¹y tá»«ng lÃ´ hÃ ng)- Cháº¥t liá»‡u hÃ³a tháº¡ch Diatomite.- Tháº¥m hÃºt nÆ°á»›c nhanh, chá»‰ trong 10s giÃ¢y- Dá»… dÃ ng vá»‡ sinh lÃ m sáº¡ch, dá»… dÃ ng lau ...",53900,53900,,0,0,189,,available,,1000,1000,,3748887,Shouse
197581462,4126140465191,Combo Há»™p giá»¯ nhiá»‡t LHC8042 + Ly nhá»±a 2 lá»›p Lock&LockHá»™p giá»¯ nhiá»‡t Ä‘á»±ng Ä‘á»“ Äƒn cÃ³ tay cáº§m Handle Food Jar LocknLockCÃ³ tay cáº§m dá»… dÃ ng Ä‘á»ƒ xÃ¡ch Ä‘i vÃ  cÃ³ thá»ƒ gáº¥p gá»n khi khÃ´ng dÃ¹ng Ä‘áº¿n.Há»™p Ä‘á»±ng nhá»...,399000,1063000,,664000,62,49,,available,,1000,1000,,48077,Lock&Lock
199753638,7603618605148," KÃCH THÆ¯á»šC Táº¤M PIN ,KÃCH THÆ¯á»šC ÄÃˆN Máº®T CHIP 5730 Sáº¢N SUáº¤T Táº T NHáº¬T Báº¢N DUNG LÆ¯á»¢NG PIN LÃ€ Lá»¢I THáº¾ KHÃCH HÃ€NG NÃŠN THAM KHáº¢O SHOP MÃŒNH áº .CAM Káº¾T HÃ€NG CHUáº¨N KÃCH THÆ¯á»šC Tá»T NHáº¤T THá»Š TRÆ¯á»œNG! Cam káº¿t Ä‘Ã¨n Ä‘Ãº...",779000,950000,,171000,18,1,,available,,1000,1000,,7368683,TYS TAI YANG SHEN
186558014,6994053079370,"Combo 10 MÃ³c DÃ¡n TÆ°á»ng Treo Äá»“ Äa NÄƒng SiÃªu Chá»‹u Lá»±cMá»—i miáº¿ng dÃ¡n sá»­ dá»¥ng keo cÆ°á»ng lá»±c, Ä‘á»™ bÃ¡m dÃ­nh tá»‘t, nhÆ°ng khÃ¡ch chá»‰ nÃªn dÃ¡n trÃªn bá» máº·t tÆ°á»ng má»‹n mÃ ng, khÃ´ng lá»“i lá»— Ä‘á»ƒ Ä‘áº£m báº£o thá»i gian sá»­ dá»¥ng...",19900,19900,,0,0,76,,available,,1000,1000,,5706641,NAVIVU
201040328,4080016476690,- BÃ¬nh giá»¯ nhiá»‡t LocknLock Riga Tumbler Vietnam Edition LHC4160 897ml cÃ³ quai xÃ¡ch dá»… dÃ ng mang Ä‘i má»i nÆ¡i- Bá»™ lá»c thÃ©p khÃ´ng gá»‰ vÃ  ngÄƒn Ä‘Ã¡ trÃ n khi uá»‘ng- Miá»‡ng bÃ¬nh rá»™ng dá»… dÃ ng vá»‡ sinh- á»ng hÃºt ...,357000,715000,,358000,50,24,,available,,1000,1000,,48077,Lock&Lock
99994000,9415199298102,"BÃ¬nh giá»¯ nhiá»‡t cÃ³ á»‘ng hÃºt Lock&Lock Bucket Tumbler with Straw LHC4268 thiáº¿t káº¿ tay cáº§m cháº¯c cháº¯n giÃºp báº¡n thuáº­n tiá»‡n mang theo má»i lÃºc má»i nÆ¡i.Náº¯p vÃ  lÆ°á»›i lá»c cÃ³ thá»ƒ thÃ¡o rá»i, dá»… dÃ ng vá»‡ sinh....",237000,473000,,236000,50,1144,,available,,1000,1000,,48077,Lock&Lock
173211404,7514928433043,"1.ThÃ´ng tin sáº£n pháº©m:- TÃªn sáº£n pháº©m: Gháº¿ xoay, Gháº¿ xoay vÄƒn phÃ²ng lÃ m viá»‡c- MÃ£ sáº£n pháº©m: E4928 / E4929 / E4925 / E4926G2. ThÃ´ng tin chi tiáº¿t- Trá»ng lÆ°á»£ng: 7.6kg - 9.1kg- Cháº¥t liá»‡u: ChÃ¢n vÃ  khung ...",649000,1348200,,699200,52,400,,available,,1000,1000,,46703,Deli
54051410,2999140128379,"Thiáº¿t káº¿ tinh táº¿ sang trá»ng, phÃ¹ há»£p vá»›i khÃ´ng gian báº¿p hiá»‡n Ä‘áº¡iKiá»ƒu dÃ¡ng hiá»‡n Ä‘áº¡i, káº¿t cáº¥u bá»n cháº¯c:Â Sáº£n pháº©m Ä‘Æ°á»£c lÃ m tá»« há»£p kim nhÃ´m Anod cá»©ng báº±ng cÃ´ng nghá»‡ tiÃªn tiáº¿n giÃºp sáº£n pháº©m cÃ³ Ä‘á»™ cá»©ng vÃ  ...",459000,919000,,460000,50,1646,,available,,1000,1000,,41048,Sunhouse
169848307,5925025693801,Sáº£n pháº©m Ká»‡ Treo TÆ°á»ng Äá»‹nh Tuyáº¿n Wifi - IG407 IGA lÃ  má»™t mÃ³n hÃ ng ná»™i tháº¥t trang trÃ­ nhá» gá»n tiá»‡n lá»£i dÃ nh cho phÃ²ng khÃ¡ch nhÃ  báº¡n.Ká»‡ gá»— wifi treo tÆ°á»ng chá»©a thiáº¿t bá»‹ phÃ¡t sÃ³ng wifi sáº½ tÃ´ ...,62000,62000,,0,0,267,,available,,1000,1000,,523789,IGA
2119169,4204353763551,"Â Â Bá»™ CÃ¢y Lau NhÃ  Lock&Lock Squeeze Flat Mop ETM471Â thiáº¿t káº¿ xÃ´ tá»© giÃ¡c thÃ´ng minh, khe váº¯t vá»«a cÃ³ thá»ƒ váº¯t khÃ´ nÆ°á»›c vá»«a loáº¡i cÃ¡c váº¿t báº©n má»™t cÃ¡ch dá»… dÃ ng.Thiáº¿t káº¿ thÃ¹ng chá»©a nÆ°á»›c nhá» gá»n vÃ  san...",490000,979000,,489000,50,1087,,available,,1000,1000,,48077,Lock&Lock
141298313,7406304152355,       ÄÃ¢y lÃ  gÃ³i háº¡t trá»“ng thá»­ - ko cÃ³ bao bÃ¬   * THÃ”NG TIN Sáº¢N PHáº¨M   - Tá»· lá»‡ náº£y máº§m: >80%;   - MÃ¹a Vá»¥:quanh nÄƒm;   - Nhiá»‡t Ä‘á»™ gieo: 15 - 30 Ä‘á»™;   - Thá»i gian thu hoáº¡ch: 60-70 ngÃ y.   ...,2000,2000,,0,0,2,,available,,1000,1000,,111461,OEM
176598081,9413822411143,BÃ¬nh giá»¯ nhiá»‡t LocknLock Metro Two Way 475ml Ä‘i kÃ¨m vá»›i má»™t náº¯p thuáº­n tiá»‡n Ä‘á»ƒ uá»‘ng trong vÄƒn phÃ²ng vÃ  má»™t náº¯p to-go kÃ­n hÆ¡i dá»… dÃ ng mang Ä‘i.Báº¡n cÃ³ thá»ƒ thÃ¡o rá»i náº¯p giá»¯a Ä‘á»ƒ bÃ¬nh trá»Ÿ nÃªn gá»n nháº¹ hÆ¡n....,302000,605000,,303000,50,136,,available,,1000,1000,,48077,Lock&Lock
94778000,9100607091971,"Ã” dÃ¹ Ä‘Æ°á»£c sáº£n xuáº¥t trÃªn cÃ´ng nghá»‡ Nháº­t Báº£nÄá»™ má»Ÿ rá»™ng tá»›i 120cm vá»›i 10 nan Ã´ nan Ã´ dÃ y, thÃ©p dáº»o chá»‹u lá»±c tá»‘t háº¡n cháº¿ gáº­p gáº«y sáº£n pháº©mKhung, cÃ¡n cháº¯c cháº¯n, bá»n Ä‘áº¹p khÃ´ng gá»‰NÃºt báº¥m Ä‘Ã³ng má»Ÿ tá»± Ä‘á»™ng thá»i ...",196000,196000,,0,0,173,,available,,1000,1000,,837855,XUDI
92453371,3250524762385,"- Ão mÆ°a cÃ³ kiá»ƒu dÃ¡ng háº¿t khá»• to rá»™ng, Ä‘Æ°á»£c thiáº¿t káº¿ thÃªm tÃºi Ä‘á»±ng nÃªn dá»… dÃ ng gáº¥p gá»n báº£o quáº£n.Â Â  Â  Â  Â  Â  Â  Â  Â  Â  Â  Â  Â  Â  Â  Â  Â  Â  Â  Â  Â Â - Máº·t trÆ°á»›c cÃ³ bÃ³ng kÃ­nh trong suá»‘t cho Ä‘Ã¨n xe, tiá»‡n dá»¥ng k...",130000,130000,,0,0,144,,available,,1000,1000,,837855,XUDI
204872130,5327193453840,"CÃ´ng dá»¥ng- Há»— trá»£ chá»‘ng cÃ¡c giá»t báº¯n vÃ o máº·t- Chá»‘ng khÃ³i bá»¥i khi Ä‘i Ä‘Æ°á»ng- Chá»‘ng Ä‘á»ng sÆ°Æ¡ng vÃ  hÆ¡i thá»Ÿ- KÃ­nh khÃ´ng cÃ³ Ä‘á»™, khÃ´ng gá»£n sÃ³ng- An toÃ n báº£o vá»‡ máº¯t tuyá»‡t Ä‘á»‘i- CÃ³ thá»ƒ káº¿t há»£p Ä‘eo kÃ­nh cÃ³ Ä‘á»™ bÃª...",70000,70000,,0,0,0,,available,,1000,1000,,114133,ASIA
58357614,3432364889774,"1. Äáº·c Ä‘iá»ƒm ná»•i báº­c cá»§a báº¯t muá»—i, ruá»“i vÃ  cÃ´n trÃ¹ng hiá»‡u Con DÆ¡i - TiÃªu diá»‡t muá»—i cáº£ ban ngÃ y vÃ  ban Ä‘Ãªm ( Ä‘Ã¨n báº¯t muá»—i thÃ´ng thÆ°á»ng khÃ´ng báº¯t Ä‘Æ°á»£c muá»—i ban ngÃ y) muá»—i ban ngÃ y má»›i thá»±c sá»± lÃ  muá»—i Ä‘á»™c...",420000,420000,,0,0,879,,available,,1000,1000,,304627,CON DÆ I
107961500,3904766552668,Cáº¥u trÃºc tÆ°á»ng Ä‘Ã´i: Ly Nhá»±a 2 Lá»›p LocknLock Double Wall Cold Cup Cherry Blossom 750ml HAP509 sá»­ dá»¥ng vá»‡ sinh hÆ¡n vÃ¬ nÆ°á»›c láº¡nh khÃ´ng bá»‹ ngÆ°ng tá»¥ bÃªn ngoÃ i thÃ nh cá»‘c.Miá»‡ng ly rá»™ng: Dá»… dÃ ng vá»‡ sinh bÃªn...,130000,217000,,87000,40,935,,available,,1000,1000,,48077,Lock&Lock
54395273,2090538526484,KÃ­ch thÆ°á»›c: 1.8m x 1.2mKhung: gá»— dáº§u Ä‘Ã£ qua xá»­ lÃ­Ná»‡m mÃºt: D40. ChÃ¢n: gá»— tá»± nhiÃªn hoáº·c inox khÃ´ng gá»‰ bá»n cháº¯cCháº¥t liá»‡u: Váº£i bá»‘ cao cáº¥p nháº­p kháº©u-- Sofa bed â€“ sofa giÆ°á»ng â€“ sofa Ä‘a nÄƒng vá»«a lÃ  chiáº¿c so...,3900000,3900000,,0,0,0,,available,,1000,1000,,111461,OEM
204625782,1296864030127,Bá»™ Dá»¥ng Cá»¥ Nháº£ Kem ÄÃ¡nh RÄƒng Tá»± Äá»™ng ASWEI - Ká»‡ NhÃ  Táº¯m ThÃ´ng Minh KÃ¨m Cá»‘c Láº¯p Äáº·t DÃ¡n TÆ°á»ngBá»™ Nháº£ Kem ÄÃ¡nh RÄƒng Tá»± Äá»™ng ASWEI - HÃ ng ChÃ­nh HÃ£ngKá»‡ NhÃ  Táº¯m KÃ¨m Nháº£ Kem ÄÃ¡nh RÄƒng Tá»± Äá»™ng ASWEI Láº¯p ...,175000,339000,,164000,48,48,,available,,1000,1000,,7270983,Aswei
14453485,6845909974427,Sáº£n pháº©m cháº¥t lÆ°á»£ngGiÃ¡ cáº£ há»£p lÃ½Kiá»ƒu dÃ¡ng nhá» gá»nSá»­ dá»¥ng tiá»‡n lá»£i...,15000,29000,,14000,48,732,,available,,1000,1000,,111461,OEM
191505971,4898846305750,BÃ¬nh giá»¯ nhiá»‡t Lock&Lock Maman Cup Vacuum Bottle - ThÃ©p khÃ´ng gá»‰ há»£p vá»‡ sinh vÃ  cáº¥u trÃºc 2 lá»›p chÃ¢n khÃ´ng giÃºp ngÄƒn cháº·n viá»‡c Ä‘á»ng nÆ°á»›c bÃªn ngoÃ i vÃ  giá»¯ cho tÃºi cá»§a báº¡n luÃ´n sáº¡ch sáº½ khi mang the...,260000,515000,,255000,50,37,,available,,1000,1000,,48077,Lock&Lock
122692850,5498033650829,"Chá»•i cá» sÃ n vá»‡ sinh Parroti Easy ES02 Ä‘Æ°á»£c thiáº¿t káº¿ tinh táº¿, cÃ¢y chá»•i lÃ m báº±ng nhÃ´m cao cáº¥p, cÃ³ thá»ƒ Ä‘iá»u chá»‰nh Ä‘á»™ dÃ i linh hoáº¡t phÃ¹ há»£p khÃ´ng gian phÃ²ng táº¯m. Cá»™ng vá»›i tÃ­nh nÄƒng vá»«a chÃ  vá»«a gáº¡t nÆ°á»›c t...",149000,199000,,50000,25,721,,available,,1000,1000,,746615,Parroti
28619438,8120979105185,"- Äáº·c Ä‘iá»ƒm ná»•i báº­t vÃ  chá»©c nÄƒng Æ°u Viá»‡t cá»§a chiáº¿c thang rÃºt nhÃ´m nÃ y lÃ  gÃ¬? Liá»‡u thang nhÃ´m cÃ³ Ä‘áº£m báº£o an toÃ n kÄ© thuáº­t khi sá»­ dá»¥ng? Liá»‡u thang nhÃ´m cÃ³ cháº¯c cháº¯n vÃ  bá»n bá»‰ hÆ¡n cÃ¡c dÃ²ng thang gá»—, tre h...",1180000,1500000,,320000,21,438,,available,,1000,1000,,51302,Sumika
56880195,8346511556103,"BÃ¬nh nÆ°á»›c Lock&Lock Eco Bottle ABF664 750ml khÃ´ng chá»©a cháº¥t BPA nguy hiá»ƒm cho sá»©c khá»e nÃªn an toÃ n khi uá»‘ng.Náº¯p bÃ¬nh cÃ³ dÃ¢y silicone, tiá»‡n lá»£i khi mang theo ra ngoÃ i.Náº¯p cÃ³ gioÄƒng silicone ngÄƒ...",124000,242000,,118000,49,1127,,available,,1000,1000,,48077,Lock&Lock
110001215,6334612852198,"Bá»™ 20 miáº¿ng dÃ¡n tÆ°á»ng Ä‘i dÃ¢y Ä‘iá»‡n - káº¹p cá»‘ Ä‘á»‹nh nÃºt giá»¯ luá»“n dÃ¢y Ä‘iá»‡nNáº¹p DÃ¢y Äiá»‡n,Káº¹p DÃ¢y Äiá»‡n dÃ¡n tÆ°á»ng cá»‘ Ä‘á»‹nh dÃ¢y Ä‘iá»‡n,giá»¯ dÃ¢y Ä‘iá»‡n an toÃ n vÃ  tiá»‡n lá»£iPhÃ¢n Loáº¡i :â€¢ Má»—i bá»™ sáº£n pháº©m gá»“m: 20 nÃºt káº¹...",29000,29000,,0,0,96,,available,,1000,1000,,111461,OEM
133898113,7763039682324,"       GIUÌ›OÌ›Ì€NG PALLET Gá»– THÃ”NG NHáº¬P KHáº¨U.   Gá»– Má»šI 100%    GiÆ°á»ng Pallet bÃªn mÃ¬nh sá»­ dá»¥ng gá»— thÃ´ng Má»šI 100%, Ä‘Æ°á»£c gia cÃ´ng ká»¹ bá» máº·t vÃ  cÃ¡c gÃ³c cáº¡nh nÃªn mong cÃ¡c báº¡n Ä‘á»«ng so sÃ¡nh giÃ¡ áº¡.   - B...",580000,580000,,0,0,0,,available,,1000,1000,,111461,OEM
176169965,4082292810275,"ChÄƒn tráº§n bÃ´ng Everon Lite, cháº¥t liá»‡u váº£i Microfiber Twill nháº­p kháº©uÂ 1/ Äáº·c tÃ­nh:- CÃ³ tÃ­nh khÃ¡ng khuáº©n tá»± nhiÃªn, háº¡n cháº¿ bÃ¡m báº©n trong quÃ¡ trÃ¬nh sá»­ dá»¥ng.- ChÄƒn hÃ¨ cháº§n bÃ´ng sá»£i Microfiber má»m máº¡i,...",375000,500000,,125000,25,74,,available,,1000,1000,,204301,Everon Lite
118593659,8251020008867,Akemi Cotton Select lÃ  cÃ¡c sá»£i bÃ´ng tá»± nhiÃªn Ä‘Æ°á»£c dá»‡t theo kiá»ƒu sateen Ä‘á»ƒ mang láº¡i cáº£m giÃ¡c má»m máº¡i vÃ  mÆ°á»£t mÃ  hÆ¡n sá»£i bÃ´ng thÃ´ng thÆ°á»ng. PhÆ°Æ¡ng phÃ¡p dá»‡t cÅ©ng cho phÃ©p cÃ¡c sá»£i bÃ´ng chá»‹u Ä‘Æ°á»£c cÃ¡c sá»©c k...,1430000,1490000,,60000,4,13,,available,,1000,1000,,52807,Akemi
52885368,4904460538850,"TÃºi zipper Ä‘Ã¡y Ä‘á»©ng dÃ¹ng trong viá»‡c báº£o quáº£n thá»±c pháº©m, Ä‘á»±ng Ä‘á»“ dÃ¹ng trong gia Ä‘Ã¬nh hoáº·c Ä‘Æ°á»£c dÃ¹ng Ä‘á»ƒ Ä‘á»±ng linh kiá»‡n trong cÃ¡c ngÃ nh Ä‘iá»‡n tá»­.Chiáº¿c tÃºi zipper bÃ© nhá» nÃ y sáº½ giÃºp báº¡n phÃ¢n chia hÃ ng hÃ³a,...",78000,78000,,0,0,201,,available,,1000,1000,,7304105,TÃºi ni lÃ´ng tá»± phÃ¢n há»§y sinh há»c GIMEX II
52574827,5484450002770,"HÆ¯á»šNG DáºªN Sá»¬ Dá»¤NG:Má»Ÿ Ã´ (dÃ¹) Ä‘Æ¡n giáº£n chá»‰ vá»›i 1 nÃºt báº¥m.Khi thu Ã´ (dÃ¹), ngoÃ i viá»‡c báº¥m nÃºt Ä‘á»ƒ thu láº¡i sau Ä‘Ã³ quÃ½ khÃ¡ch dÃ¹ng tay áº¥n tá»« chÃ³p Ã´ Ä‘á»ƒ thu pháº§n que ngáº¯n láº¡i nhÆ° trÆ°á»›c khi má»Ÿ vÃ o láº§n tá»›i.D...",178000,230000,,52000,23,1273,,available,,1000,1000,,277519,DandiHome
104270135,4999472244737,BÃ¬nh Giá»¯ Nhiá»‡t Lock&Lock Featherlight One-touch Tumbler LHC3257 cÃ³ thiáº¿t káº¿ má»ng nháº¹ táº¡o cáº£m giÃ¡c dá»… dÃ ng trong di chuyá»ƒn vÃ  mang theo kháº¯p nÆ¡i. ThÃ¢n bÃ¬nh Ä‘Æ°á»£c thiáº¿t káº¿ nhá» gá»n giÃºp tiáº¿t kiá»‡m khÃ´...,259000,517000,,258000,50,696,,available,,1000,1000,,48077,Lock&Lock
2119173,3784672643501,"CÃ¢y Lau NhÃ  Dáº¡ng Xá»‹t NÆ°á»›c Lock&Lock ETM472 thiáº¿t káº¿ cÃ¢y lau nhÃ  dáº¡n Ä‘á»©ng vá»›i thiáº¿t káº¿ tay cáº§m cÃ³ cáº§n gáº¡t Ä‘á»ƒ Ä‘iá»ƒu khiá»ƒn viá»‡c phun nÆ°á»›c, giÃºp dá»… thao tÃ¡c, táº¡o cáº£m giÃ¡c thoáº£i mÃ¡i khi sá»­ dá»¥ng.LÆ°á»£ng ...",270000,539000,,269000,50,943,,available,,1000,1000,,48077,Lock&Lock
76119803,6433258788385,"Bá»™ ga chun Microfiber XÃ¡m Everon Lite ELM102 Ä‘Æ°á»£c may tá»« sá»£i microfiber má»m máº¡i, kháº£ nÄƒng tháº¥m hÃºt má»“ hÃ´i tá»‘t, táº¡o sá»± thÃ´ng thoÃ¡ng cho ngÆ°á»i náº±m.Cháº¥t liá»‡u váº£i bá»n Ä‘áº¹p, dá»… dÃ ng giáº·t sáº¡ch vá»›i nÆ°á»›c, nh...",539000,770000,,231000,30,40,,available,,1000,1000,,204301,Everon Lite
84566545,3448170956202,á»” cáº¯m Ä‘a nÄƒng USBÂ Nakagami cÃ´ng nghá»‡ Nháº­t Báº£n.Â Sáº£n pháº©m á»• cáº¯m Ä‘iá»‡n Nakagami cÃ³ thiáº¿t káº¿ kiá»ƒu dÃ¡ng nhá» gá»n cÃ³ thá»ƒÂ sá»­ dá»¥ng Ä‘a nÄƒngÂ cho nhiá»u vá»‹ trÃ­ trong gia Ä‘Ã¬nh báº¡n. Thiáº¿t káº¿ bao gá»“m 2 lá»— cáº¯m USB vÃ Â ...,155000,155000,,0,0,841,,available,,1000,1000,,290071,Nakagami
118858137,4586275456734, Náº¡o Gá»t Rau Cá»§ Quáº£ JODILY Inox 304 HÃ ng Cao Cáº¥p - Mua 1 Láº§n DÃ¹ng MÃ£i MÃ£i (HoÃ n tiá»n 10 láº§n náº¿u giao hÃ ng khÃ´ng Ä‘Ãºng mÃ´ táº£ vÃ  há»‰nh áº£nh vÃ  video) THÃ”NG TIN Sáº¢N PHáº¨M:  Náº¡o gá»t hoa cá»§ quáº£ lÃ  mÃ³n Ä‘á»“ khÃ´n...,70000,70000,,0,0,45,,available,,1000,1000,,5063093,Jodily StarHome
191918107,1171170118704,Dung tÃ­ch bÃ¬nh lá»›n BÃ¬nh láº¯c LocknLock Balance Shake It Bottle HAP949 vá»›i dung tÃ­ch bÃ¬nh 800ml giÃºp cung cáº¥p Ä‘áº§y Ä‘á»§ lÆ°á»£ng nÆ°á»›c cho cÆ¡ thá»ƒ. Thang Ä‘o lÆ°á»ng Váº¡ch chia dung tÃ­ch trÃªn thÃ¢n bÃ¬nh cho phÃ©p ...,134000,267000,,133000,50,12,,available,,1000,1000,,48077,Lock&Lock
1918591,4964968185253,"Keo DÃ¡n GiÃ y, DÃ¢y Ná»‹t Äa NÄƒng Selleys Kwik Grip lÃ  dÃ²ng keo káº¿t dÃ­nh Ä‘Ã n hÃ´i, thÃ­ch há»£p cho viá»‡c dÃ¡n cÃ¡c váº­t cÃ³ bá» máº·t tháº¥m nÆ°á»›c vÃ  khá»‘ng tháº¥m nÆ°á»›c, bá» máº·t Ä‘á»©ng tháº³ng hoáº·c nhá»¯ng bá» máº·t khÃ³ cá»‘ Ä‘á»‹nh.S...",30000,35000,,5000,14,432,,available,,1000,1000,,52977,Selleys
195109304,7180993597980,"Bá»™ Ga vÃ  Vá» Gá»‘i Akemi Cotton Select Affluence, gá»“m 5 mÃ³n (King/Queen)Â LÆ¯UÂ Ã:Â HÃŒNHÂ áº¢NHÂ CHá»ˆÂ MANGÂ TÃNHÂ CHáº¤TÂ MINHÂ HOáº Â CHOÂ Sáº¢NÂ PHáº¨M,Â MÃ€UÂ Sáº®CÂ CÃ“Â THá»‚Â HÆ IÂ KHÃCÂ SOÂ Vá»šIÂ THá»°CÂ Táº¾Â DOÂ ÄIá»€UÂ KIá»†NÂ ÃNHÂ SÃNGÂ KHIÂ CHá»¤PÂ ...",1526000,1590000,,64000,4,0,,available,,1000,1000,,52807,Akemi
70656791,6725962688458,Loáº¡i sáº£n pháº©m: Giáº¥y ÄƒnCháº¥t liá»‡u: Bá»™t treThÃ nh pháº§n: 100% bá»™t sá»£i tre nguyÃªn cháº¥t...,125000,125000,,0,0,2165,,available,,1000,1000,,863033,ycool
56941523,4192161694351,"Ly nhá»±a 2 lá»›p LocknLock kÃ¨m á»‘ng hÃºt HAP507 750ml hai lá»›p cÃ¡ch nhiá»‡t tá»‘t, ngÄƒn cháº·n sá»± áº£nh hÆ°á»Ÿng tá»« nhiá»‡t Ä‘á»™ bÃªn ngoÃ i. Bá» máº·t ly Ã­t bá»‹ Ä‘á»ng nÆ°á»›c dÃ¹ báº¡n dÃ¹ng ly Ä‘á»ƒ Ä‘á»±ng nÆ°á»›c Ä‘Ã¡.Miá»‡ng ly rá»™ng giÃºp báº¡n ...",107000,217000,,110000,51,1763,,available,,1000,1000,,48077,Lock&Lock
165256438,5288949507935,"ğŸŒ¸ ThÃ´ng tin chi tiáº¿t bá»™ sáº£n pháº©m KhÄƒn sá»£i tre- Cháº¥t liá»‡u: 60% Sá»£i tre, 40% Sá»£i conton - KÃ­ch thÆ°á»›c: 30x50 cm- Trá»ng lÆ°á»£ng: 70gram- TÃ­nh nÄƒng SiÃªu tháº¥m hÃºt, nhanh khÃ´ gáº¥p 3-4 láº§n COTTON khÃ¡ng ...",22900,38000,,15100,40,342,,available,,1000,1000,,111461,OEM
134283146,5186329365533,"       * Äiá»ƒm ná»•i báº­t   - Ca giá»¯ nhiá»‡t cáº¥u táº¡o Inox 2 lá»›p, giÃºp giá»¯ nhiá»‡t tá»‘t hÆ¡n, khÃ´ng tá»a nhiá»‡t ra bÃªn ngoÃ i.   - Sáº£n pháº©m Ä‘Æ°á»£c thiáº¿t káº¿ vá»›i náº¯p Ä‘áº­y vÃ  tay cáº§m cháº¯c cháº¯n, an toÃ n cho ngÆ°á»i sá»­...",45000,45000,,0,0,1,,available,,1000,1000,,111461,OEM
144444000,3202009189400,Cháº¥t liá»‡u: Äá»“ng thau mÃ u giáº£ cá»•.Â KÃ­ch thÆ°á»›c: 13cm.Trá»ng lÆ°á»£ng: 1.5kg.Thá»i gian báº£o hÃ nh: vÄ©nh viá»…n trá»n Ä‘á»i.Xuáº¥t xá»©: Sáº£n xuáº¥t táº¡i cÃ´ng ty CPQT Trung DÅ©ng.Â Sáº¢N PHáº¨M DÃ€NH RIÃŠNG CHO NGÆ¯á»œI CÃ”NG GI...,2090000,2090000,,0,0,0,,available,,1000,1000,,111461,OEM
122700651,3825108800822,"CÃ¢y lau kÃ­nh, gáº¡t chÃ¹i kÃ­nh Ä‘a nÄƒng 2 Ä‘áº§u trong 1 - Parroti Shiny SN01 Ä‘Æ°á»£c thiáº¿t káº¿ tinh táº¿, cÃ¡n lÃ m báº±ng nhÃ´m cao cáº¥p, cÃ³ thá»ƒ Ä‘iá»u chá»‰nh Ä‘á»™ dÃ i linh hoáº¡t phÃ¹ há»£p Ä‘á»™ cao cá»§a cá»­a sá»•. Cá»™ng vá»›i tÃ­nh nÄƒ...",139000,199000,,60000,30,504,,available,,1000,1000,,746615,Parroti
174236741,8584642860617,GÄƒng tay cao su tá»± nhiÃªn Lock&Lock ETM83cÃ³ mÃ³c treo tiá»‡n lá»£i cÃ³ thá»ƒ mÃ³c lÃªn sau khi sá»­ dá»¥ng hoáº·c giáº·t rá»­a.Cháº¥t liá»‡u 100% cao su tá»± nhiÃªn khÃ´ng chá»©a BPA Ä‘á»™c háº¡i.Báº£o vá»‡ da vÃ  mÃ³ng giÃºp tay báº¡n tr...,35000,56000,,21000,38,62,,available,,1000,1000,,48077,Lock&Lock
1399571,5944614557985,"Gá»‘i Memory Foam 50D HÃ¬nh Cong Lock&Lock HLW111Â lÃ  chiáº¿c gá»‘i vá»›i thiáº¿t káº¿ Ä‘á»‹nh hÃ¬nh lÆ°á»£n sÃ³ng, theo khung cá»§a Ä‘áº§u vÃ  gÃ¡y, giÃºp Ä‘iá»u chá»‰nh sá»± gáº¥p khÃºc cá»§a Ä‘Æ°á»ng thá»Ÿ trong khi ngá»§, mang Ä‘áº¿n cho báº¡n g...",290000,483000,,193000,40,1076,,available,,1000,1000,,48077,Lock&Lock
183907622,5312017804399,"LÄ‚N Bá»¤I QUáº¦N ÃO, GHáº¾ SOFE- DÃ¹ng Ä‘á»ƒ lau bá»¥i dÃ­nh á»Ÿ quáº§n Ã¡o, Ä‘áº·c biá»‡t cÃ¡c cháº¥t dÃ­nh len, dáº¡ bá»‹ dÃ­nh do giáº·t chung cÃ¡c loáº¡i quáº§n Ã¡o vá»›i nhau.- Äáº·c biá»‡t nhÃ  ai nuÃ´i chÃ³ mÃ¨o tÃ¬ cá»±c ká»³ há»¯u hiá»‡u.- CÃ¢y lÄƒn...",49000,85000,,36000,42,28,,available,,1000,1000,,4820811,PEAFLO
144444119,7192025406309,Cháº¥t liá»‡u: Äá»“ng thau mÃ u giáº£ cá»•.Â KÃ­ch thÆ°á»›c: 14cm.Trá»ng lÆ°á»£ng: 1.4kg.Thá»i gian báº£o hÃ nh: vÄ©nh viá»…n trá»n Ä‘á»i.Xuáº¥t xá»©: Sáº£n xuáº¥t táº¡i cÃ´ng ty CPQT Trung DÅ©ng.Â Sáº¢N PHáº¨M DÃ€NH RIÃŠNG CHO NGÆ¯á»œI CÃ”NG GI...,1815000,1815000,,0,0,0,,available,,1000,1000,,111461,OEM
127031393,9115457631995,Ca nÆ°á»›c giá»¯ nhiá»‡t LocknLock Metro Mug LHC4219 vá»›i lá»›p sÆ¡n tÄ©nh Ä‘iá»‡n bá»n cháº¯c vÃ  cháº¥t liá»‡u thÃ©p khÃ´ng gá»‰ há»£p vá»‡ sinh.Dá»… dÃ ng má»Ÿ vá»›i náº¯p xoay Swing cap.Dá»… chÃ¹i rá»­a vá»›i miá»‡ng ca rá»™ng.Giá»¯ ca cá»‘ Ä‘á»‹nh t...,298000,506000,,208000,41,582,,available,,1000,1000,,48077,Lock&Lock
578967,1222109028719,"  Cháº£o ÄÃ¡ Chá»‘ng DÃ­nh SiÃªu Bá»n Sunhouse SBD28 28cm   vá»›i cháº¥t liá»‡u há»£p kim nhÃ´m dÃ y 3mm phá»§ lá»›p chá»‘ng chÃ­nh an toÃ n vÃ  siÃªu bá»n, khÃ´ng dá»… bong trÃ³c lá»›p chá»‘ng dÃ­nh trÃªn bá» máº·t     nhÆ° nhá»¯ng loáº¡i cháº£o kh...",257000,430000,,173000,40,1114,,available,,1000,1000,,41048,Sunhouse
2153235,6747317448906,"BÃ¬nh Giá»¯ Nhiá»‡t Lock&Lock Feather Light LHC4131BKB thiáº¿t káº¿ thÃ¢n tháº³ng, kiá»ƒu dÃ¡ng thon gá»n vÃ  mÃ u sáº¯c báº¯t máº¯t, dá»… dÃ ng Ä‘Ã³ng má»Ÿ, tiá»‡n lá»£i cho báº¡n mang theo Ä‘áº¿n vÄƒn phÃ²ng, trÆ°á»ng há»c hay Ä‘i dÃ£ ngoáº¡i...",271000,545000,,274000,50,2821,,available,,1000,1000,,48077,Lock&Lock
121268576,4816461858811,"TIá»†N Dá»¤NG, Äáº¢M Báº¢O AN TOÃ€N - CHá»ˆ CÃ“ THá»‚ LÃ€ á»” Cáº®M ÄIá»†N QUANGÂ á»” cáº¯m Äiá»‡n Quang ÄQ ESK SM750SL (5 lá»— 3 cháº¥u) Ä‘Æ°á»£c thiáº¿t káº¿ nhá» gá»n giÃºp dá»… dÃ ng di chuyá»ƒn nhiá»u vá»‹ trÃ­. Sáº£n pháº©m Ä‘Æ°á»£c lÃ m tá»« nhá»±a ABS cÃ³ ...",179000,179000,,0,0,121,,available,,1000,1000,,41391,Äiá»‡n Quang
44654754,2882379942345,"Äá»ƒ lÃ m ra cÃ¢y chá»•i máº¥t ráº¥t nhiá»u thá»i gian (phÃ¢n loáº¡i-chá»n(nháº·t riÃªng lÃ´ng to vÃ  dÃ i Ä‘áº¹p mÃ£) - khÃ¢u - giáº·t,phÆ¡i - quáº¥n chá»•i.Äá»ƒ cÃ¢y chá»•i Ä‘Æ°á»£c bá»n Ä‘áº¹p theo nÄƒm thÃ¡ng náº¿u biáº¿t dÃ¹ng Ä‘Ãºng cÃ¡ch báº¡n cÃ³ th...",590000,590000,,0,0,1,,available,,1000,1000,,111461,OEM
17423771,1693054414764,HÃ ng nÄƒm cÃ³ khoáº£ng 600 triá»‡u viÃªn pin bá»‹ vá»©t bá». Sá»‘ lÆ°á»£ng pin nÃ y xáº¿p dÃ i ra sáº½ tÆ°Æ¡ng Ä‘Æ°Æ¡ng quÃ£ng Ä‘Æ°á»ng tá»« Anh sang Ãšc!Pin cÃ³ nhiá»u loáº¡i vá»›i nhiá»u kÃ­ch thÆ°á»›c khÃ¡c nhau: CÃ³ viÃªn pin cÃ³ kÃ­ch thÆ°á»›c chá»‰ n...,90000,100000,,10000,10,554,,available,,1000,1000,,18804,Panasonic
892121,8567702194984,"Pin Max 8 + 4 ViÃªn Energizer E91 BP8+4 AAÂ lÃ  sáº£n pháº©m cÃ³ thá»ƒ sá»­ dá»¥ng cho cÃ¡c loáº¡i mÃ¡y áº£nh, Ä‘iá»u khiá»ƒn tá»« xa, Ä‘Ã¨n Pin, mÃ¡y chÆ¡i game khÃ´ng dÃ¢y, mÃ¡y nghe nháº¡c MP3 vÃ  cÃ¡c thiáº¿t bá»‹ ká»¹ thuáº­t sá»‘ cÃ¡ nhÃ¢n kh...",137000,137000,,0,0,279,,available,,1000,1000,,19312,Energizer
187636657,1100971819699,"Keo DÃ¡n GiÃ y Äa NÄƒng DÃ¡n Má»i Loáº¡i GiÃ y, Chá»‘ng Tháº¥mÄáº¶C ÄIá»‚M Ná»”I Báº¬T- ÄÃ¢y lÃ  loáº¡i keo dÃ¡n giÃ y chuyÃªn dá»¥ng ráº¥t dá»… sá»­ dá»¥ng, keo nÃ y dáº¡ng lá»ng, sÃ¡nh, nhanh khÃ´, khi khÃ´ ráº¥t dai , Ä‘á»™ Ä‘Ã n há»“i ráº¥t tá»‘t vÃ  bÃ¡...",45000,45000,,0,0,111,,available,,1000,1000,,5063093,Jodily StarHome
112946538,5800315987304,"Tráº£i trá»±c tiáº¿p trÃªn ná»n nhÃ , dÃ¹ng nhÆ° ná»‡m ngá»§ vÄƒn phÃ²ng DÃ¹ng tráº£i trÃªn sofa DÃ¹ng khi Ä‘i picnic, cáº¯m tráº¡i Tiá»‡n lá»£i, dá»… gáº¥p gá»n sau khi sá»­ dá»¥ngÂ Sáº£n pháº©m Ä‘Æ°á»£c cuá»™n trÃ²n vÃ  Ä‘Ã³ng vÃ o tÃºi PVC Táº¥m...",680000,800000,,120000,15,65,,available,,1000,1000,,204301,Everon Lite
144448414,3383513968017,Cháº¥t liá»‡u: Äá»“ng thau mÃ u giáº£ cá»•.Â KÃ­ch thÆ°á»›c: 40cm.Trá»ng lÆ°á»£ng: 4kg.Thá»i gian báº£o hÃ nh: vÄ©nh viá»…n trá»n Ä‘á»i.Xuáº¥t xá»©: Sáº£n xuáº¥t táº¡i cÃ´ng ty CPQT Trung DÅ©ng.Â Sáº¢N PHáº¨M DÃ€NH RIÃŠNG CHO NGÆ¯á»œI CÃ”NG GIÃO...,5205000,5205000,,0,0,0,,available,,1000,1000,,111461,OEM
185756654,5163075352307,"Â - Chá»•i cá» nhÃ  vá»‡ sinh Kitimop-Z4 cÃ³ thiáº¿t káº¿ chá»•i cá» sÃ n vÃ  gáº¡t nÆ°á»›c Ä‘a nÄƒng 2 trong 1 giÃºp báº¡n cá» quÃ©t lÃ m sáº¡ch nhÃ  táº¯m, nhÃ  vá»‡ sinh nhanh chÃ³ng vÃ  nháº¹ nhÃ ng. CÃ¢y chÃ  sÃ n nhÃ  táº¯m Kitimop-Z4 cÃ³ Æ°u ...",52000,110000,,58000,53,96,,available,,1000,1000,,7368293,Kitimop  Home Tool Cleaning
115092053,6156159064709,"Theo cÃ¡c chuyÃªn gia y táº¿, tá»‘i thiá»ƒu báº¡n nÃªn thay ga giÆ°á»ng, gá»‘i 1 láº§n/tuáº§n. Bá»Ÿi trÃªn máº·t ga giÆ°á»ng, vá» gá»‘i chá»©a vÃ´ sá»‘ vi khuáº©n tá»« táº¿ bÃ o cháº¿t trÃªn da (cÆ¡ thá»ƒ máº¥t hÃ ng triá»‡u táº¿ bÃ o da má»—i ngÃ y), pháº¥n t...",99000,110000,,11000,10,494,,available,,1000,1000,,697923,LIDACO
177610565,4234116396241,"MÃ” Táº¢ Sáº¢N PHáº¨M- ÄÃ¨n pin siÃªu sÃ¡ng Ultrafire XML T6 lÃ  sá»± káº¿t há»£p tuyá»‡t vá»i giá»¯a cÃ´ng suáº¥t chiáº¿u sÃ¡ng cao, trá»Ÿ thÃ nh má»™t cÃ´ng cá»¥ Ä‘Ã¡ng tin cáº­y khÃ´ng thá»ƒ thiáº¿u trong cÃ¡c tÃ¬nh huá»‘ng kháº©n cáº¥p, tÃ¬m kiáº¿m, ...",129000,258000,,129000,50,147,,available,,1000,1000,,5003355,US ARMY
54484578,3821461114290,"MÃ” Táº¢ Sáº¢N PHáº¨M*LÆ¯U Ã !!!: Sáº£n pháº©m cÃ³ 03 phiÃªn báº£n: ÄÃ¨n khÃ´ng tÃ­ch Ä‘iá»‡n: cáº§n pháº£i cáº¯m vÃ o nguá»“n Ä‘iá»‡n nhÆ°: á»• Ä‘iá»‡n, mÃ¡y tÃ­nh, sáº¡c dá»± phÃ²ng má»›i cÃ³ thá»ƒ sá»­ dá»¥ng Ä‘Æ°á»£cÄÃ¨n tÃ­ch Ä‘iá»‡n: tÃ­ch há»£p pin lithium...",245000,480000,,235000,49,1890,,available,,1000,1000,,835483,eLights
143341825,6226084601626,Cháº¥t liá»‡u: Äá»“ng thau máº¡ mÃ u giáº£ cá»•.Â KÃ­ch thÆ°á»›c: 30cm.Trá»ng lÆ°á»£ng: 2.5kg.Thá»i gian báº£o hÃ nh: vÄ©nh viá»…n trá»n Ä‘á»i.Xuáº¥t xá»©: Sáº£n xuáº¥t táº¡i cÃ´ng ty CPQT Trung DÅ©ng.Â Sáº¢N PHáº¨M DÃ€NH RIÃŠNG CHO NGÆ¯á»œI CÃ”NG...,4360000,4360000,,0,0,0,,available,,1000,1000,,111461,OEM
109778878,6170771232262,"       CAM Káº¾T CHáº¤T LÆ¯á»¢NG, Má»˜T Äá»”I Má»˜T Náº¾U HÃ€NG CÃ“ Báº¤T KÃŒ Lá»–I GÃŒ   ThÃ´ng sá»‘ sáº£n pháº©m:   Cháº¥t liá»‡u:Náº¿n Äiá»‡n Tá»­ vá» sÃ¡p, hoa vÄƒn hÃ¬nh nÆ°á»›c máº¯t   ÄÆ°á»ng kÃ­nh: 7,5 cm   Chiá»u cao: 10 cm/12 cm/ 15cm/...",90000,90000,,0,0,3,,available,,1000,1000,,111461,OEM
42465518,2172276129698,#cÃ¢y thÃ´ng noel #cay thong noel #cÃ¢y thÃ´ng nÃ´ en #cay thong no en #cÃ¢y thÃ´ng giÃ¡ng sinh #cay thong giang sinh #Ã´ng giÃ  noel #ong gia noel #Ã´ng giÃ  nÃ´ en #ong gia no en #trang trÃ­ cÃ¢y thÃ´ng noel #Ã´ng g...,263000,350000,,87000,25,82,,available,,1000,1000,,111461,OEM
138507381,3658524561380,"Chai xá»‹t chuá»™t thÃ¡i lan rat off- NhÃ  nÃ o cÃ³ â€œanh tÃ­â€ quanh quáº©n thÃ¬ mua vá» xÃ i thá»­ Ä‘i áº¡, cá»±c kÃ¬ hiá»‡u quáº£ luÃ´n nÃ¨.- Xá»‹t Ä‘uá»•i chuá»™t ThÃ¡i Lan Rat-Off Ä‘uá»•i sáº¡ch chuá»™t, tiÃªu diá»‡t chuá»™t sau 1 tuáº§n xá»‹t.- ...",84000,92000,,8000,9,48,,available,,1000,1000,,111461,OEM
186879900,1789987767612,"Â - CÃ¢y lau nhÃ  Kitimop-X cÃ³ kháº£ nÄƒng tá»± váº¯t thÃ´ng minh khÃ´ng cáº§n thÃ¹ng, báº¡n cÃ³ thá»ƒ váº¯t trá»±c tiáº¿p táº¡i vÃ²i nÆ°á»›c hoáº·c táº­n dá»¥ng xÃ´ cháº­u cÃ³ sáºµn táº¡i nhÃ  mÃ¬nh. Chá»•i lau nhÃ  tá»± váº¯t Kitimop-X...",149000,285000,,136000,48,47,,available,,1000,1000,,4259821,Kitimop
70765616,2512459213620,"ÄÃ¨n Ä‘Ã¡ muá»‘i Himalaya tá»± nhiÃªn lÃ  gÃ¬?ÄÆ°á»£c khai thÃ¡c táº¡i má» muá»‘i á»Ÿ Pakistan (dÃ£y nÃºi Himalaya), nhá»¯ng chiáº¿c Ä‘Ã¨n Ä‘Ã¡ muá»‘i Himalaya tá»« cÃ¡c khá»‘i muá»‘i thÃ´ tinh thá»ƒ Ä‘Æ°á»£c cháº¿ tÃ¡c thá»§ cÃ´ng táº¡o lÃªn nhá»¯ng chiáº¿c...",230000,230000,,0,0,151,,available,,1000,1000,,154009,Love Stone
34818286,5518269660484,"*LÆ¯U Ã: kÃ­ch thÆ°á»›c cÃ³ thá»ƒ sai lá»‡ch 1-3 cm do quÃ¡ trÃ¬nh mayTÃºi quai xÃ¡ch tiá»‡n lá»£iKhÃ³a kÃ©o 3/4 miá»‡ng tÃºi, 2 dÃ¢y kÃ©o cháº¯c cháº¯nVáº£i báº¡t chá»‘ng nÆ°á»›c, cÃ³ thá»ƒ giáº·t vÃ  tÃ¡i sá»­ dá»¥ng nhiá»u láº§nCháº¥t liá»‡u bá»n bá»‰ cho ...",35000,35000,,0,0,486,,available,,1000,1000,,111461,OEM
1398733,1012204019527,"CÃ¢y Lau NhÃ  Dáº¡ng Äá»©ng Lock&Lock ETM461Â á»©ng dá»¥ng cÃ´ng nghá»‡ hÆ¡i nÆ°á»›c hiá»‡n Ä‘áº¡i giÃºp báº¡n dá»… dÃ ng lau chÃ¹i nhá»¯ng váº¿t báº©n cá»©ng Ä‘áº§u nháº¥t trÃªn sÃ n nhÃ  chá»‰ vá»›i má»™t láº§n lau, tiáº¿t kiá»‡m thá»i gian cÅ©ng nhÆ° ...",270000,539000,,269000,50,441,,available,,1000,1000,,48077,Lock&Lock
25051899,3731937514267,"Ruá»™t Gá»‘i Náº±m CÃ³ Vá» Everon Lite - Giao MÃ u Ngáº«u NhiÃªn Sáº£n pháº©m an toÃ n, khÃ´ng gÃ¢y kÃ­ch á»©ng da khi tiáº¿p xÃºcChá»‘ng láº¡i cÃ¡c váº¿t báº©n má»™t cÃ¡ch tá»± nhiÃªnKhÃ´ng bá»‹ biáº¿n dáº¡ng khi giáº·t, chá»‘ng nhÄƒn vÃ  chá»‘ng kÃ©o ...",181000,189000,,8000,4,23,,available,,1000,1000,,204301,Everon Lite
64988886,2301709821421,BÃ¬nh giá»¯ nhiá»‡t Lock&Lock Flat náº¯p gá»— 400ml - LHC4227 cÃ³ pháº§n thÃ¢n lÃ m báº±ng thÃ©p khÃ´ng gá»‰ cao cáº¥p (SUS316) mang láº¡i sá»± sáº¡ch sáº½ vÃ  an toÃ n vá»‡ sinh hÆ¡n khi sá»­ dá»¥ng.Lá»c trÃ  cÃ³ thá»ƒ thÃ¡o rá»i thuáº­n ti...,266000,534000,,268000,50,745,,available,,1000,1000,,48077,Lock&Lock
144407885,1132799331508,Cháº¥t liá»‡u: Äá»“ng thau mÃ u giáº£ cá»•.Â KÃ­ch thÆ°á»›c: 40cm.Trá»ng lÆ°á»£ng: 3.7kg.Thá»i gian báº£o hÃ nh: vÄ©nh viá»…n trá»n Ä‘á»i.Xuáº¥t xá»©: Sáº£n xuáº¥t táº¡i cÃ´ng ty CPQT Trung DÅ©ng.Â Sáº¢N PHáº¨M DÃ€NH RIÃŠNG CHO NGÆ¯á»œI CÃ”NG GI...,4653000,4653000,,0,0,0,,available,,1000,1000,,111461,OEM
183057936,4596513822485,"- Khay giáº¥y náº¿n dÃ¹ng Ä‘Æ°á»£c cho cáº£ ná»“i vuÃ´ng láº«n ná»“i trÃ²n, vá»›i chá»©c nÄƒng chá»‘ng tháº¥m dáº§u cá»±c tá»‘t giÃºp giá»¯ cho ná»“i chiÃªn khÃ´ng dáº§u cá»§a báº¡n luÃ´n sáº¡ch sáº½ - NgoÃ i ra giáº¥y náº¿n cÃ²n giÃºp giá»¯ cáº·n thá»©c Äƒn khá»i ná»“...",35000,35000,,0,0,0,,available,,1000,1000,,111461,OEM
94847014,6206030772105,"Â Â Â ##Sáº¢N PHáº¨M Náº¾N HÃ”NG BAO Gá»’M Äáº¾ Gá»–##Báº¡n Æ¡i, shop cÃ³ dá»‹p dÃ¹ng thá»­ vÃ  ráº¥t yÃªu náº¿n nÃ y nÃªn má»›i láº¥y vá» giá»›i thiá»‡u cÃ¹ng cÃ¡c báº¡n.Náº¿n trá»¥ nÃ y khÃ´ng cÃ³ há»§ thuá»· tinh bÃªn ngoÃ i, vÃ  khi Ä‘á»‘t náº¿n sáº½ tan á»Ÿ g...",180000,180000,,0,0,109,,available,,1000,1000,,4777435,Citta
91273061,6070960067812,Loáº¡i sáº£n pháº©m: Giáº¥y Äƒn- ThÆ°Æ¡ng hiá»‡u: YCOOL- Cháº¥t liá»‡u: Bá»™t tre- MÃ u sáº¯c: giáº¥y mÃ u vÃ ng nhÆ° mÃ u sá»£i tre (ko táº©y tráº¯ng nÃªn ko cÃ³ mÃ u tráº¯ng)Â·- ThÃ nh pháº§n: 100% bá»™t sá»£i tre nguyÃªn cháº¥t- Quy cÃ¡ch: 260 tá» 4...,106000,106000,,0,0,796,,available,,1000,1000,,863033,ycool
73550275,6210897243198,"Â - Chá»•i cá» sÃ n nhÃ  vá»‡ sinh Kitimop-Z1 Ä‘Æ°á»£c thiáº¿t káº¿ tinh táº¿ vá»›i cÃ¡n chá»•i cháº¥t liá»‡u há»£p kim nhÃ´m cÃ³ thá»ƒ tÃ¹y chá»‰nh Ä‘á»™ dÃ i linh hoáº¡t phÃ¹ há»£p vá»›i khÃ´ng gian nhÃ  táº¯m, nhÃ  vá»‡ sinh. CÃ¹ng vá»›i tÃ­nh nÄƒng v...",165000,285000,,120000,42,352,,available,,1000,1000,,4259821,Kitimop
143855030,9831817783581,Cháº¥t liá»‡u: Äá»“ng thau mÃ u giáº£ cá»•.Â KÃ­ch thÆ°á»›c: 30cm.Trá»ng lÆ°á»£ng: 3kg.Thá»i gian báº£o hÃ nh: vÄ©nh viá»…n trá»n Ä‘á»i.Xuáº¥t xá»©: Sáº£n xuáº¥t táº¡i cÃ´ng ty CPQT Trung DÅ©ng.Â Sáº¢N PHáº¨M DÃ€NH RIÃŠNG CHO NGÆ¯á»œI CÃ”NG GIÃO...,7260000,7260000,,0,0,0,,available,,1000,1000,,111461,OEM
46202190,3178844847277,"TÃºi lÆ°á»›i giáº·t Ä‘á»“ cho mÃ¡y giáº·t báº£o vá»‡ quáº§n Ã¡o chá»‘ng biáº¿n dáº¡ng cháº¥t lÆ°á»£ng tá»‘t dÃ¢y kÃ©o lÆ°á»›i má»‹n Polyester nháº±m báº£o vá»‡ quáº§n Ã¡o Ä‘Æ°á»£c lÃ m tá»« tÆ¡ lá»¥a, ren, len, thá»• cáº©m, lÃ´ng thÃº, gáº¥m, cotton, â€¦ trÃ¡nh bá»‹ mÃ³c ...",58800,58800,,0,0,254,,available,,1000,1000,,111461,OEM
71924330,8126161754070,"Bá»™ Chá»•i QuÃ©t NhÃ  Gá»“m 1 CÃ¢y Chá»•i + 1 Dá»¥ng Cá»¥ Há»‘t Lock&Lock ETM465 lÃ  sáº£n pháº©m vÃ´ cÃ¹ng tiá»‡n Ã­ch, thay tháº¿ cho cÃ¢y chá»•i quÃ©t bÃ¬nh thÆ°á»ng thÃ¢n inox nhá» , nháº¹ dá»… luá»“n lÃ¡ch nháº¹ nhÃ ng Ä‘áº¿n cÃ¡c khe háº¹p: bÃ ...",257000,428000,,171000,40,302,,available,,1000,1000,,48077,Lock&Lock
156165766,5192592687203,"á»” Cáº¯m Du Lá»‹ch Äa NÄƒng ThÃ´ng Minh PhÃ­ch Cáº¯m Chuyá»ƒn Äá»•i Bugu HHT931Â 1, ThÃ´ng sá»‘ ká»¹ thuáº­t:Â ThÆ°Æ¡ng hiá»‡u: buguModel: HHT931Loáº¡i: CÃ´ng cá»¥ chuyá»ƒn Ä‘á»•i á»• cáº¯m Ä‘a quá»‘c giaSá»‘ cháº¥u: 3D...",125130,129000,,3870,3,29,,available,,1000,1000,,568631,Bugu
88241130,5193324935724,"KhÄƒn tráº£i bÃ n nhá»±a PVC khÃ´ng tháº¥m nÆ°á»›c lÃ  váº­t dá»¥ng khÃ´ng thá»ƒ thiáº¿u trong gian báº¿p cá»§a báº¡n.Hoa vÄƒn Ä‘á»™c Ä‘Ã¡o, hiá»‡n Ä‘áº¡i giÃºp cho gian báº¿p cá»§a báº¡n trá»Ÿ nÃªn sang trá»ng hÆ¡n.HoÃ n toÃ n khÃ´ng mÃ¹i vá»‹ vÃ  khÃ´ng t...",35000,35000,,0,0,240,,available,,1000,1000,,4401579,SHOFUKA
144445613,8293661521518,Cháº¥t liá»‡u: Äá»“ng thau mÃ u giáº£ cá»•.Â KÃ­ch thÆ°á»›c: 16cm.Trá»ng lÆ°á»£ng: 0.7kg.Thá»i gian báº£o hÃ nh: vÄ©nh viá»…n trá»n Ä‘á»i.Xuáº¥t xá»©: Sáº£n xuáº¥t táº¡i cÃ´ng ty CPQT Trung DÅ©ng.Â Sáº¢N PHáº¨M DÃ€NH RIÃŠNG CHO NGÆ¯á»œI CÃ”NG GI...,1089000,1089000,,0,0,0,,available,,1000,1000,,111461,OEM
104991715,5921659206513,"Giá»›i thiá»‡u sáº£n pháº©mCombo Cháº£o chiÃªn Tefal Natura B2260295 20cm & Cháº£o chiÃªn sÃ¢u lÃ²ng Tefal Natura B2266495 24cmÂ Äá»™ bá»n vÆ°á»£t trá»™i, cÃ³ thá»ƒ sá»­ dá»¥ng Ã­t dáº§u khi náº¥u ÄƒnBÃªn ngoÃ i Ä‘Æ°á»£c phá»§ sÆ¡n chá»‘ng ...",349000,929000,,580000,62,1139,,available,,1000,1000,,19813,Tefal
125084260,3790879579475,"- Thiáº¿t káº¿ tinh táº¿, mÃ u sáº¯c trang nhÃ£- Cháº¥t liá»‡u má»m má»‹n thoÃ¡ng mÃ¡t- Hoáº¡ tiáº¿t Ä‘Æ¡n giáº£n, mÃ u sáº¯c báº¯t máº¯t- ÄÆ°á»ng may cháº¯c cháº¯n, tá»‰ má»‰- Sáº£n pháº©m cho cáº£m giÃ¡c ráº¥t thoáº£i mÃ¡i nháº¹ nhÃ ng, khÃ´ng bÃ¡m dÃ­nh, ...",39000,50000,,11000,22,67,,available,,1000,1000,,697923,LIDACO
77775165,7514367100786,"Â Â Há»™p Báº£o Quáº£n Thá»§y Tinh Locknlock Top Class cÃ³ kháº£ nÄƒng Ä‘Ã³ng kÃ­n tuyá»‡t Ä‘á»‘i ngÄƒn cháº·n khÃ´ng khÃ­ bÃªn ngoÃ i vÃ  bÃªn trong nhá» ""khÃ³a 4 cáº¡nh"".Náº¯p Ä‘Æ°á»£c lÃ m tá»« ""cháº¥t liá»‡u tritan"" nÃªn cÃ³ thá»ƒ sá»­ dá»¥ng lÃ¢...",80000,159000,,79000,50,806,,available,,1000,1000,,48077,Lock&Lock
27609461,9472086840343,"Dá»¥ng cá»¥ thÃ´ng táº¯c cá»‘ng khÃ­ nÃ©n hiá»‡u quáº£ tuyá»‡t Ä‘á»‘i lÃ  lá»±a chá»n tuyá»‡t vá»i cho viá»‡c thÃ´ng táº¯c cá»‘ng bá»“n cáº§u, thÃ´ng táº¯c cá»‘ng toilet, thÃ´ng táº¯c cá»‘ng bá»“n táº¯m khi bá»‹ táº¯c ngháº½n. MÃ¡y thÃ´ng táº¯c bá»“n cáº§u, dá»¥ng cá»¥ ...",188000,188000,,0,0,12,,available,,1000,1000,,111461,OEM
44654754,2882379942345,"Äá»ƒ lÃ m ra cÃ¢y chá»•i máº¥t ráº¥t nhiá»u thá»i gian (phÃ¢n loáº¡i-chá»n(nháº·t riÃªng lÃ´ng to vÃ  dÃ i Ä‘áº¹p mÃ£) - khÃ¢u - giáº·t,phÆ¡i - quáº¥n chá»•i.Äá»ƒ cÃ¢y chá»•i Ä‘Æ°á»£c bá»n Ä‘áº¹p theo nÄƒm thÃ¡ng náº¿u biáº¿t dÃ¹ng Ä‘Ãºng cÃ¡ch báº¡n cÃ³ th...",590000,590000,,0,0,1,,available,,1000,1000,,111461,OEM
182971940,7966240754631,BÃ¬nh giá»¯ nhiá»‡t LocknLock cÃ³ 2 náº¯p thay tháº¿ New Clip Tumbler 540ml LHC4279 cÃ³ cáº¥u trÃºc tÆ°á»ng Ä‘Ã´i cho hiá»‡u quáº£ cÃ¡ch nhiá»‡t vÃ  giá»¯ mÃ¡t xuáº¥t sáº¯c cÅ©ng nhÆ° ngÄƒn ngá»«a Ä‘Æ°á»£c viá»‡c Ä‘á»ng nÆ°á»›c ngoÃ i thÃ nh bÃ¬nh.Ha...,260000,520000,,260000,50,143,,available,,1000,1000,,48077,Lock&Lock
47115292,1322089791471,"ThÃ´ng tin chi tiáº¿t:TÃ¬nh tráº¡ng: sáº£n pháº©m má»›i 100%Nguá»“n Ä‘Ã¨n: LEDSáº£n pháº©m cÃ³ thá»ƒ sá»­ dá»¥ng trong nhÃ  hoáº·c ngoÃ i trá»iá»¨ng dá»¥ng: Ä‘a nÄƒng, dÃ¹ng khi Ä‘i tiá»‡c, tiá»‡c cÆ°á»›iMáº«u sáº£n pháº©m: Ä‘Ã¨n LEDSá»‘ lÆ°á»£ng bÃ³ng Ä‘Ã¨...",19000,19000,,0,0,41,,available,,1000,1000,,111461,OEM
21582013,8732605828711,"Bá»™ Bá»‹t Máº¯t Ngá»§ 3D + Bá»‹t TaiÂ lÃ m tá»« cháº¥t liá»‡u xá»‘p, má»m má»‹n, Ä‘Ã n há»“i tá»‘t, tháº¥m hÃºt má»“ hÃ´i tá»‘t, cháº¥t liá»‡u nÃ y ráº¥t nháº¹ táº¡o cáº£m giÃ¡c nhÆ° khÃ´ng mang gÃ¬ khi sá»­ dá»¥ng, dá»… dÃ ng lÃ m sáº¡ch vÃ  phÆ¡i khÃ´.Â ÄÆ°á»£c thi...",29000,39000,,10000,26,269,,available,,1000,1000,,111461,OEM
206485076,7914870955601,"Má»™t nÃ©n hÆ°Æ¡ng - Má»™t lÃ²ng thÃ nh kÃ­nh. Má»™t lÃ n khÃ³i - Má»™t tÃ¢m an. Hay Ä‘Æ¡n giáº£n lÃ  sá»± thÆ° giÃ£n tá»‹nh tÃ¢m sau 1 ngÃ y dÃ i lÃ m viá»‡c cÄƒng tháº³ng.Báº¡n chá»n lÃ n khÃ³i thiÃªn nhiÃªn thuáº§n khiáº¿t, lÃ n khÃ³i an toÃ n cho...",35000,55000,,20000,36,92,,available,,1000,1000,,7486975,DÆ°Æ¡ng Minh Since 1984
77899956,6423655955294,"Dá»… dÃ ng di chuyá»ƒn á»Ÿ má»i Ä‘á»‹a hÃ¬nh.Thiáº¿t káº¿ cÃ³ thá»ƒ gáº¥p gá»n dá»… dÃ ng bá» vÃ o balo, cáº·p sÃ¡ch, cá»‘p xe thuáº­n tiá»‡n mang theo má»i nÆ¡iCá»• á»§ng cÃ³ chun co giÃ£n ngÄƒn nÆ°á»›c mÆ°a khÃ´ng lá»t Ä‘Æ°á»£c Ä‘Æ°á»£c vÃ o tro...",36660,47000,,10340,22,60,,available,,1000,1000,,243589,FIDI
74859074,7278358196758,"ChuÃ´ng Cá»­a KhÃ´ng DÃ¢y ThÃ´ng Minh CTFAST CT - 01 (1 NÃºt Báº¥m, 1 ChuÃ´ng ), Chá»‘ng NÆ°á»›c, Khoáº£ng CÃ¡ch Sá»­ Dá»¥ng Hiá»‡u Quáº£ 300 mÃ©t - lÃ  dÃ²ng sáº£n pháº©m chuÃ´ng cá»­a gia Ä‘inh cao cáº¥p há»— trá»£ báº¡n trong viá»‡c nháº­n thÃ´ng ...",158000,175000,,17000,10,28,,available,,1000,1000,,3985581,CTFAST
72904497,3031650034739,...,179000,350000,,171000,49,302,,available,,1000,1000,,484375,OENON
195970386,1005655742127,"Cháº¥t liá»‡u: Nhá»±a cáº¥p thá»±c pháº©mLoáº¡i sáº£n pháº©m: BÃ¬nh nÆ°á»›c thá»ƒ thaoÄáº·c trÆ°ng:1. ÄÆ°á»£c lÃ m báº±ng nhá»±a cáº¥p thá»±c pháº©m, cháº¥t dáº»o khÃ´ng Ä‘á»™c háº¡i, dÃ y hÆ¡n sáº½ cung cáº¥p cho bÃ¬nh kháº£ nÄƒng chá»‘ng sá»‘c Ä‘Æ°á»£c nÃ¢ng cáº¥p.2...",36000,65000,,29000,45,3,,available,,1000,1000,,111461,OEM
90531871,4758446326246,"Â Â ÄÃ¨n bÃ n khÃ´ng chá»‰ lÃ  má»™t dá»¥ng cá»¥ cáº§n thiáº¿t cho viá»‡c há»c táº­p, cÅ©ng nhÆ° lÃ m viá»‡c cá»§a báº¡n mÃ  cÃ²n lÃ  má»™t váº­t trang trÃ­ khÃ´ng thá»ƒ thiáº¿u cho cÄƒn phÃ²ng cá»§a báº¡n.Â ÄÃ¨n bÃ n Moontronics MT01 lÃ  má»™t sáº£n pháº©m...",165000,190000,,25000,13,868,,available,,1000,1000,,4251381,Moontronics
71178441,7933299170181,"Ão mÆ°a lÃ  sáº£n pháº©m thÃ´ng dá»¥ng, khÃ´ng thá»ƒ thiáº¿u khi mÃ¹a mÆ°a Ä‘áº¿n, giÃºp báº¡n trÃ¡nh nhá»¯ng cÆ¡n mÆ°a báº¥t chá»£t, Ã¡o mÆ°a Ä‘Æ°á»£c cáº¯t may tá»« váº£i dÃ¹ cÃ³ Ä‘á»™ bá»n cao hÆ¡n cÃ¡c loáº¡i váº£i khÃ¡c.Â  Â  Â  Â  Â  Â  Â  Â  Â  Â  Â  Â  Â  Â  Â  ...",115000,115000,,0,0,205,,available,,1000,1000,,837855,XUDI
185910176,3611176538579,"Giáº¥y Náº¿n VÃ ng LÃ³t Ná»“i ChiÃªn KhÃ´ng Dáº§u Sáº¡ch Sáº½ Tiá»‡n Dá»¥ng An ToÃ n Cho Sá»©c Khá»e+ THÃ”NG TIN Sáº¢N PHáº¨M:- Giáº¥y náº¿n vÃ ng Ä‘Æ°á»£c sá»­ dá»¥ng cho ná»“i chiÃªn khÃ´ng dáº§u vá»›i má»¥c Ä‘Ã­ch há»©ng dáº§u má»¡, thá»©c Äƒn vá»¥n bÃ¡m báº©n vÃ ...",85000,85000,,0,0,89,,available,,1000,1000,,5063093,Jodily StarHome
57999394,9466863791713,"** Bá»™ ga gá»‘i cotton Tici gá»“m: - 01 Ga/Drap bo thun theo kÃ­ch thÆ°á»›c theo yÃªu cáº§u- 02 Vá» gá»‘i náº±m kÃ­ch thÆ°á»›c 50 x 70 cm** Bá»™ ga gá»‘i Cotton tici ( hay cÃ²n gá»i lÃ  cotton thÃ´, hay cotton Ä‘Å©i). Cháº¥t liá»‡u váº£i...",195000,229000,,34000,15,361,,available,,1000,1000,,697923,LIDACO
149959628,2002219796673,"Cmbo 6 Cuá»™n TÃºi Äá»±ng RÃ¡c Gia ÄÃ¬nh, Bao Äá»±ng RÃ¡c VÄƒn PhÃ²ng, TrÆ°á»ng Há»c Tiá»‡n Lá»£i MÃ u Äen Äáº§y Äá»§ 3 Size Tiá»ƒu Trung Äáº¡i - ChÃ­nh HÃ£ng MINIINÂ Bá»‹ch Ä‘á»±ng rÃ¡c 3 cuá»™n cá»¡ Ä‘áº¡i, trung, tiá»ƒu / TÃºi Ä‘á»±ng rÃ¡c lá»‘c 3 ...",41000,45000,,4000,9,36,,available,,1000,1000,,5132069,MINIIN
147265074,7061493805241,"Duracell AA Everyday vá»‰ 4 pin lÃ  dÃ²ng pin kÃ­ch thÆ°á»›c AAA vá»›i thÃ nh pháº§n chÃ­nh lÃ  Kiá»m (Alkaline) cho kháº£ nÄƒng giá»¯ Ä‘iá»‡n bá»n bá»‰, hiá»‡u xuáº¥t lá»›n hÆ¡n so vá»›i cÃ¡c dÃ²ng pin khÃ¡c.Duracell AA Everyday vá»‰ 4 pin...",21500,21500,,0,0,70,,available,,1000,1000,,177955,DURACELL
116726951,5065788315592,"Gá»I CÃ”NG THÃI Há»ŒC LÃ€ GÃŒCÃ´ng thÃ¡i há»c hay tiáº¿ng anh Ergonomic lÃ  thuáº­t ngá»¯ Ä‘Æ°á»£c ghÃ©p láº¡i tá»«Â  2 tá»« cá»§a tiáº¿ng Hy Láº¡p, trong Ä‘Ã³ â€œergonâ€ cÃ³ nghÄ©a lÃ  cÃ´ng viá»‡c, vÃ  â€œnomoiâ€ cÃ³ nghÄ©a lÃ  quy luáº­t tá»± nhiÃªn. Nh...",499000,998000,,499000,50,281,,available,,1000,1000,,3955813,Ema
169978766,5015419822189,THÃ”NG TIN Sáº¢N PHáº¨M- TÃªn sáº£n pháº©m: TÃºi HÃºt ChÃ¢n KhÃ´ng Deli- Cháº¥t liá»‡u: Nhá»±a Cao cáº¥p- KÃ­ch thÆ°á»›c: Size S: 60 x 40 cm (DÃ i x Rá»™ng)Size M: 70 x 50 cm (DÃ i x Rá»™ng)Size L: 80 x 60 cm (DÃ i x Rá»™ng)Size ...,17000,32220,,15220,47,91,,available,,1000,1000,,46703,Deli
98153708,2808251992804,"Cháº­u Gá»™i Äáº§u Táº¡i GiÆ°á»ng KUNBE, Cháº­u Gá»™i Äáº§u Táº¡i NhÃ  ThÃ´ng Minh Cho Má»i NgÆ°á»iÂ ThÃ´ng Tin Chi Tiáº¿t Sáº£n Pháº©m:Cháº¥t liá»‡u nhá»±a PP thÃ¢n thiÃªn vá»›i mÃ´i trÆ°á»ng, an toÃ n, khÃ´ng mÃ¹i Ä‘á»™c háº¡iÄá»‡m EVA lÃ³t Ä‘á»¡ Ä‘...",239000,350000,,111000,32,122,,available,,1000,1000,,4011099,KUNBE
3258989,1045985192974,"Äiá»ƒm ná»•i báº­t:- Chiáº¿u ngá»§ vÄƒn phÃ²ng Ä‘Æ°á»£c thiáº¿t káº¿ báº±ng cháº¥t liá»‡u nhá»±a chuyÃªn dá»¥ng 2 lá»›p, bÃªn dÆ°á»›i lÃ  lá»›p mÃºt Ãªm Ã¡i, bÃªn trÃªn lÃ  lá»›p báº¡c cÃ¡ch nhiá»‡t táº¡o cáº£m giÃ¡c thoáº£i mÃ¡i khÃ´ng nÃ³ng bá»©c cho nhá»¯ng buá»•i ...",41000,41000,,0,0,1034,,available,,1000,1000,,111461,OEM
42718737,1453303550991,"- ÄÃ¨n Led Trang TrÃ­ DÃ i 6M - 40 BÃ³ng Trang TrÃ­ Noel Lá»… Táº¿t lÃ  sáº£n pháº©m khÃ´ng thá»ƒ thiáº¿u khi trang trÃ­ cÃ¡c quÃ¡n cafe, nhÃ  hÃ ng , karaoke, lá»… há»™i , cÃ¡c phÃ²ng studio chá»¥p áº£nh , gia Ä‘Ã¬nh cÃ¡c dá»‹p lá»… , táº¿t ,...",80000,80000,,0,0,398,,available,,1000,1000,,111461,OEM
66621525,4346411826959,"Â BÃ¬nh Giá»¯ Nhiá»‡t Lock&Lock Two-tone Clip Tumbler mang Ä‘áº¿n cho báº¡n cáº£m giÃ¡c thoáº£i mÃ¡i, vui váº» khi cÃ³ thá»ƒ vá»«a lÃ¡i xe vá»«a uá»‘ng trÃ  hoáº·c cÃ  phÃª nÃ³ng trÃªn Ä‘Æ°á»ng Ä‘áº¿n cÃ´ng sá»Ÿ trong buá»•i sÃ¡ng báº­n rá»™n.Thi...",251000,506000,,255000,50,2436,,available,,1000,1000,,48077,Lock&Lock
72332230,3806086206421,"ï¸ ThÃ´ng Tin Sáº£n Pháº©m:- KÃ­ch thÆ°á»›c: 32*30*10cm- Cháº¥t liá»‡u: Cao Su Non- MÃ u sáº¯c: 6 mÃ u nhÆ° hÃ¬nhï¸ Äáº·c tÃ­nh sáº£n pháº©m :- Cháº¥t liá»‡u váº£i PP vÃ  bÃ´ng an toÃ n, má»m má»‹n khi tiáº¿p xÃºc- Gá»‘i chá»¯ U Ä‘Æ°á»£c thiáº¿t k...",129000,129000,,0,0,129,,available,,1000,1000,,111461,OEM
197899197,2849656967164,Ká»‡ NhÃ  Táº¯m DÃ¡n TÆ°á»ng ThÃ´ng Minh ASWEI - HÃ ng ChÃ­nh HÃ£ngBá»™ Dá»¥ng Cá»¥ Nháº£ Kem ÄÃ¡nh RÄƒng Tá»± Äá»™ng ASWEI - Ká»‡ NhÃ  Táº¯m ThÃ´ng Minh KÃ¨m Cá»‘c Láº¯p Äáº·t DÃ¡n TÆ°á»ngBá»™ Nháº£ Kem ÄÃ¡nh RÄƒng Tá»± Äá»™ng ASWEI - HÃ ng ChÃ­nh HÃ£ngK...,175000,339000,,164000,48,236,,available,,1000,1000,,7270983,Aswei
198867742,3205493121989,"BÃ´ng táº©m cá»“n miáº¿ng nhá» xinh xinh, ai cÅ©ng cáº§n vÃ i miáº¿ng sáºµn trong tÃºiÂ - Nhá» gá»n, ráº¥t tiá»‡n khi sá»­ dá»¥ng.Â - Lau tay, bÃ´ng tai, Ä‘iá»‡n thoáº¡i, máº¯t kÃ­nh , sÃ¡t trÃ¹ng , lau váº¿t thÆ°Æ¡ngÂ - Chá»‰ cáº§n xÃ© giáº¥y bá»...",25000,25000,,0,0,0,,available,,1000,1000,,111461,OEM
55875210,7386970582498,Tá»§ Váº£i Äá»±ng Äá»“ Khung ThÃ©p Chá»‹u Lá»±cTÃºi Äá»±ng ChÄƒn MÃ n Quáº§n Ão miDoctor Tiá»‡n Lá»£iHÃ ng giao mÃ u ngáº«u nhiÃªnÂ 1. Tá»§ váº£i Ä‘á»±ng Ä‘á»“ Ä‘a nÄƒng tiá»‡n lá»£i cho báº¡n sáº¯p xáº¿p Ä‘á»“ Ä‘áº¡c trong nhÃ  má»™t cÃ¡ch ngÄƒn náº¯p vÃ  gá»n g...,86000,130000,,44000,34,560,,available,,1000,1000,,245945,miDoctor
701227,4486591790142,"Â Â  BÃ¬nh NÆ°á»›c Lock&Lock Eco ABF644GRN (550ml) - Xanh LÃ¡  Ä‘Æ°á»£c lÃ m tá»« cháº¥t liá»‡u an toÃ n, khÃ´ng chá»©a thÃ nh pháº§n bisphenol A gÃ¢y rá»‘i loáº¡i ná»™i tiáº¿t hÃ³c mÃ´n, an tÃ¢m khi sá»­ dá»¥ng.Thiáº¿t káº¿ Ä‘Æ¡n giáº£n, ti...",102000,204000,,102000,50,465,,available,,1000,1000,,48077,Lock&Lock
134419412,1930179424653,"ThÃ nh pháº§n : Nhá»±a HDPE, LLDPE lá»›p trá»±c tiáº¿p vá»›i thá»±c pháº©m,phá»¥ gia tá»± há»§y sinh há»c (há»— trá»£ viá»‡c tá»± phÃ¢n há»§y vÃ  khÃ´ng phÃ´i nhiá»…m vÃ o thá»±c pháº©m)KÃ­ch thÆ°á»›c : 17cm x 25cm, 20cm x 30cm, 25cm x 35cmÄÃ³ng gÃ³i ...",23000,29000,,6000,21,50,,available,,1000,1000,,111461,OEM
197802127,7575096753462,"       Thiáº¿c hÃ n Sn63/37 63%   âœ¯ âœ¯ âœ¯ Äáº·c Äiá»ƒm:   ï¸ Thiáº¿c hÃ n Sn63/37 63% lÃ  thiáº¿c, 37% chÃ¬, Ä‘Æ°á»ng kÃ­nh 0.8mm vá»›i kháº£ nÄƒng hÃ n tá»‘t.   ï¸ Ráº¥t tiá»‡n lá»£i trong hÃ n máº¡ch Ä‘iá»‡n tá»­, sinh viÃªn há»c táº­p, ng...",3880,4000,,120,3,0,,available,,1000,1000,,111461,OEM
55465365,5441396976176,"Pin Max 8 + 4 ViÃªn Energizer E92 BP8+4 AAAÂ lÃ  sáº£n pháº©m cÃ³ thá»ƒ sá»­ dá»¥ng cho cÃ¡c loáº¡i mÃ¡y áº£nh, Ä‘iá»u khiá»ƒn tá»« xa, Ä‘Ã¨n Pin, mÃ¡y chÆ¡i game khÃ´ng dÃ¢y, mÃ¡y nghe nháº¡c MP3 vÃ  cÃ¡c thiáº¿t bá»‹ ká»¹ thuáº­t sá»‘ cÃ¡ nhÃ¢n k...",138000,138000,,0,0,187,,available,,1000,1000,,19312,Energizer
119195755,1507098913214,"Bá»™ CÃ¢y Lau NhÃ  360 Äá»™ Äa NÄƒng, ThÃ¹ng Váº¯t 2 NgÄƒn ThÃ´ng Minh Parroti Pro Max - PX01Bá»™ lau nhÃ  thÃ´ng minh Parroti Pro Max - PX01 vá»›i kháº£ nÄƒng lau sáº¡ch sÃ n nhÃ  má»™t cÃ¡ch nhanh chÃ³ng vÃ  nháº¹ nhÃ ng, phÃ¹ há»£p...",539000,849000,,310000,37,592,,available,,1000,1000,,746615,Parroti
76252806,3629764543621,"Ruá»™t Gá»‘i Ã”m Lidaco 35x100cmÂ vá»›i vá» ngoÃ i lÃ m tá»« 100% cotton má»m máº¡i, kháº£ nÄƒng tháº¥m hÃºt má»“ hÃ´i tá»‘t, Ä‘Æ°á»ng may tá»‰ má»‰, mang Ä‘áº¿n giáº¥c ngá»§ ngon vÃ  cáº£m giÃ¡c dá»… chá»‹u.Â Â Æ¯u Ä‘iá»ƒm cá»§a sáº£n pháº©m:Cháº¥t liá»‡u co...",149000,199000,,50000,25,95,,available,,1000,1000,,697923,LIDACO
74396976,3481356156769,"MÃ¡y xay tá»i á»›t báº±ng tay Lock&Lock - HÃ ng chÃ­nh hÃ£ng, lá»±c nghiá»n máº¡nh vá»›i 3 lÆ°á»¡i dao thÃ©p khÃ´ng gá»‰- Sáº£n pháº©m Ä‘Æ°á»£c lÃ m báº±ng nhá»±a PP cao cáº¥p, oan toÃ n, lÆ°á»¡i xay báº±ng thÃ©p khÃ´ng gá»‰, dÃ¢y cÃ³t Ä‘Ã n há»“i t...",99000,171000,,72000,42,1137,,available,,1000,1000,,48077,Lock&Lock
119309533,7400834045218,"ÄIá»‚M Ná»”I Báº¬T Cá»¦A Gá»I NGá»¦ NHANH GEL Láº NH EMAThiáº¿t káº¿ chuáº©n cÃ´ng thÃ¡i há»c: Tá»‘t cho Ä‘á»‘t sá»‘ng cá»•, tuáº§n hoÃ n mÃ¡u nÃ£o vÃ  há»— trá»£ ngá»§ nhanhCháº¥t liá»‡u cao cáº¥p: Sá»± káº¿t há»£p tuyá»‡t vá»i giá»¯a cao su non vÃ  gel láº¡n...",325000,650000,,325000,50,445,,available,,1000,1000,,3955813,Ema
91204885,5209130926632,"RÃˆM DÃN KEO TRá»°C TIáº¾P TRÃŠN THÃ€NH Cá»¬A ÄANG ÄÆ¯á»¢C Lá»°A CHá»ŒN NHIá»€U HIá»†N NAY, TIáº¾T KIá»†M CHI PHÃ THANH TREO, KHÃ”NG Máº®C CÃ”NG Láº®P Äáº¶T KHÃ“ KHÄ‚N, TIá»†N Dá»¤NG.** Sáº£n pháº©m Ä‘Æ°á»£c may vÃ  cháº¡y biÃªn mÃ©p hoa vÄƒn, táº¡o Ä‘á»™ ...",69000,115000,,46000,40,215,,available,,1000,1000,,4683647,Marytexco
196552579,9304228044816,"Ã” DÃ¹ gáº¥p gá»n , dÃ¹ che mÆ°a , chá»‘ng tia UV 8 nan ( nhiá»u máº«u )- Sáº£n pháº©m bao gá»“m DÃ™ vÃ  TÃšI Bá»ŒC DÃ™- Nhiá»u mÃ u sáº¯c thá»i trang, sang trá»ng- CÃ³ 2 loáº¡i khÃ³a Ä‘Ã³ng má»Ÿ báº±ng tay hoáº·c tá»± Ä‘á»™ng+ Loáº¡i Má»Ÿ tay Ä‘Ã³ng má»Ÿ...",109000,130000,,21000,16,5,,available,,1000,1000,,111461,OEM
145311310,1827569734295,"TÃ­nh nÄƒng sáº£n pháº©m:- Äáº·c tÃ­nh má»m, nháº¹, dá»… cuá»™n tÃºi mang Ä‘i, ngoÃ i ra cÃ³ thá»ƒ lÃ m táº¥m tráº£i yoga, dÃ¹ng quanh nÄƒm vÃ  phÃ¹ há»£p cho má»i lá»©a tuá»•i- LÃ  bá»™ sáº£n pháº©m giuÌp baÌ£n caÌ‰m nhÃ¢Ì£n sÆ°Ì£ Ãªm aÌi vaÌ€ thoaÌ‰i...",191500,380000,,188500,50,293,,available,,1000,1000,,565375,Amando
71961087,6515168726166,"TÃ¬nh tráº¡ng: sáº£n pháº©m má»›i 100%Nguá»“n PIN AAA HOáº¶C Cáº®M ÄIá»†N (KHÃCH CHá»ŒN)Sáº£n pháº©m cÃ³ thá»ƒ sá»­ dá»¥ng trong nhÃ  hoáº·c ngoÃ i trá»iá»¨ng dá»¥ng: Ä‘a nÄƒng, dÃ¹ng khi Ä‘i tiá»‡c, tiá»‡c cÆ°á»›iMáº«u sáº£n pháº©m: Ä‘Ã¨n LEDSá»‘ lÆ°á»£ng bÃ³ng Ä‘...",58000,60000,,2000,3,92,,available,,1000,1000,,4224691,VinBuy
66964368,7926943150004,"TÃªn sáº£n pháº©m: ÄÃ¨n Ngá»§ Trang TrÃ­ SiÃªu Ä‘áº¹p giÃºp phÃ²ng thÃªm mÃª áº£o view Ä‘á»‰nhcháº¥t liá»‡u : Nhá»±a Cao cáº¥phá»a tiáº¿t : hÃ¬nhmÃ u sáº¯c : 1 mÃ uKÃ­ch thÆ°á»›c:PhÆ°Æ¡ng phÃ¡p sáº£n xuáº¥t: cÃ´ng nghá»‡ caoChá»©c nÄƒng: lÃ m sÃ¡ng, Ä‘Ã¨n ng...",58950,58950,,0,0,1,,available,,1000,1000,,111461,OEM
115966800,5676223709563,"Bá»™ ga chun Microfiber XÃ¡m Äáº­m Everon Lite ELM204 (4 mÃ³nÂ  -KHÃ”NG gá»“m chÄƒn) sáº£n pháº©m an toÃ n, khÃ´ng gÃ¢y kÃ­ch á»©ng da khi tiáº¿p xÃºcChá»‘ng láº¡i cÃ¡c váº¿t báº©n má»™t cÃ¡ch tá»± nhiÃªnKhÃ´ng bá»‹ biáº¿n dáº¡ng khi giáº·t, chá»‘n...",800000,800000,,0,0,88,,available,,1000,1000,,204301,Everon Lite
15605817,5765413945038,"Bá»™ Dao NhÃ  Báº¿p 5 MÃ³n Cookplus Lock&Lock CKK101S5BLKBá»™ sáº£n pháº©m gá»“m 5 mÃ³n: 4 con dao, 1 dá»¥ng cá»¥ gá»t vá» trÃ¡i cÃ¢y. Tiá»‡n dá»¥ng vÃ  phÃ¹ há»£p vá»›i nhu cáº§u Ä‘a dáº¡ng.Thiáº¿t káº¿ vÃ  mÃ u sáº¯c trang nhÃ£, Ä‘áº¹p máº¯t,...",146000,292000,,146000,50,503,,available,,1000,1000,,48077,Lock&Lock
55900887,2112313292992,"THIáº¾T Káº¾ SANG TRá»ŒNG - Äáº²NG Cáº¤PCháº¥t liá»‡u há»£p kim nhÃ´m Ä‘áº³ng cáº¥p, cháº¯c cháº¯n vÃ  sang trá»ngCÃ³ thá»ƒ gáº­p á»Ÿ 2 vá»‹ trÃ­, linh hoáº¡t, chiáº¿u sÃ¡ng tá»›i vá»‹ trÃ­ lÃ m viá»‡cBá»€N Bá»ˆHá»‡ thá»‘ng 26 bÃ³ng Ä‘Ã¨n LED tiáº¿t kiá»‡m n...",389000,599000,,210000,35,987,,available,,1000,1000,,835483,eLights
117032461,8449605654534,"BÃ¬nh Giá»¯ Nhiá»‡t SWEEJAR ThÃ©p 304 KhÃ´ng Gá»‰ Di Äá»™ng Mini 520ML Dá»… ThÆ°Æ¡ng Nhá» Gá»n Khi Mang Theo BGN09*** ThÃ´ng Tin Sáº£n Pháº©m:TÃ¬nh tráº¡ng: ChÃ­nh hÃ£ng 100%, má»›i 100%TÃªn sáº£n pháº©m: BÃ¬nh giá»¯ nhiá»‡t SWEEJAR 520m...",150000,300000,,150000,50,72,,available,,1000,1000,,892751,TAKIHA
152018784,4486101981172,"á»” Cáº¯m Äiá»‡n Äa NÄƒng CubeZ ShoptidaÂ ----------Báº£o hÃ nh 12 thÃ¡ng , 1 Ä‘á»•i 1 trong 30 ngÃ y Ä‘áº§u----------Sá»­ dá»¥ng chá»‹u táº£i cao dÃ¹ng tiá»‡n cho du lá»‹ch, vÄƒn phÃ²ng, vÃ  gia Ä‘Ã¬nh----------Â Â Â Â ...",219000,300000,,81000,27,168,,available,,1000,1000,,5055663,Shoptida
165404269,2510241933097,"ğŸŒ¸ ThÃ´ng tin chi tiáº¿t bá»™ sáº£n pháº©m KhÄƒn sá»£i tre- Cháº¥t liá»‡u: 60% Sá»£i tre, 40% Sá»£i cotton - KÃ­ch thÆ°á»›c: 60x120 cm- Trá»ng lÆ°á»£ng: 350gram - TÃ­nh nÄƒng: SiÃªu tháº¥m hÃºt, nhanh khÃ´ gáº¥p 3-4 láº§n COTTON kh...",89000,91000,,2000,2,236,,available,,1000,1000,,111461,OEM
11058658,3505486111914,TÃºi Ä‘á»±ng rÃ¡c tá»± phÃ¢n há»§y Ä‘Æ°á»£c sáº£n xuáº¥t bá»Ÿi cháº¥t liá»‡u HDPE vÃ  Phá»¥ gia tá»± há»§yTÃºi cÃ³ kháº£ nÄƒng tá»± phÃ¢n há»§y trong mÃ´i trÆ°á»ng tá»± nhiÃªn trong thá»i gian Ã­t hÆ¡n ráº¥t nhiá»u so vá»›i cÃ¡c loáº¡i tÃºi rÃ¡c thÃ´ng thÆ°á»ng ...,45000,54000,,9000,17,541,,available,,1000,1000,,288231,Titapha
21441057,9944927310617,"Cháº£o Chá»‘ng DÃ­nh ÄÃ¡ Sunhouse SBD18 Ä‘Æ°á»£c tin dÃ¹ng bá»Ÿi cÃ´ng nÄƒng tuyá»‡t vá»i, Ä‘á»™ chá»‘ng dÃ­nh cao cÃ¹ng vá»›i káº¿t cáº¥u bá»n cháº¯c. Bá» máº·t phá»§ lá»›p Ä‘Ã¡ Marble khiáº¿n cho tá»•ng quan sáº£n pháº©m Ä‘áº¹p máº¯t, áº¥n tÆ°á»£ng vÃ  ná»•i báº­t...",169000,283000,,114000,40,704,,available,,1000,1000,,41048,Sunhouse
177056679,2153509482460,"       DÃ¢y ruá»™t gÃ  xoáº¯n, á»‘ng nhá»±a xoáº¯n kÃ¨m dá»¥ng cá»¥ sá»­ dá»¥ng tiá»‡n lá»£i tuá»‘t á»‘ng dÃ¢y ruá»™t gÃ    CÃ¡ch sá»­ dá»¥ng xem video hÆ°á»›ng dáº«n   ÄÆ°á»ng kÃ­nh á»‘ng: 8mm, 12mm, 16mm, 22mm, 32mm   MÃ u sáº¯c: XÃ¡m, Äen, Tr...",34200,36000,,1800,5,11,,available,,1000,1000,,111461,OEM
1453915,3518922536219,"Ly Giá»¯ Nhiá»‡t Báº±ng ThÃ©p KhÃ´ng Gá»‰ Lock&Lock Clip Tumbler LHC4151BLK (540ml)mang Ä‘áº¿n cáº£m giÃ¡c thoáº£i mÃ¡i, vui váº» khi cÃ³ thá»ƒ vá»«a lÃ¡i xe vá»«a uá»‘ng trÃ  hoáº·c cÃ  phÃª nÃ³ng trÃªn Ä‘Æ°á»ng Ä‘áº¿n cÃ´ng sá»Ÿ trong buá»•i ...",285000,506000,,221000,44,1838,,available,,1000,1000,,48077,Lock&Lock
52504270,2215202432605,"Chiáº¿u MÃ¢y Äiá»u HÃ²a Cao Cáº¥pChiáº¿u mÃ¢y Ä‘iá»u hÃ²a hay cÃ²n gá»i lÃ  chiáº¿u sá»£i mÃ¢y Ä‘iá»u hÃ²a nguyÃªn báº£n Ä‘Æ°á»£c lÃ m tá»« cháº¥t liá»‡u lÃ  cÃ¡c sá»£i mÃ¢y Ä‘an vÃ o nhau, máº·t dÆ°á»›i lÃ  lá»›p lÃ³t báº±ng váº£i khÃ´ng, viá»n xung quanh ch...",199000,209000,,10000,5,556,,available,,1000,1000,,697923,LIDACO
127058707,8838267830710," MÃ³c INOX 304 Treo Äá»“ náº·ng, treo thá»›t, ná»“i niÃªu INOX 304 [CHá»NG NÆ¯á»šC, CHá»NG Rá»ˆ] DÃ¡n Má»i Bá» Máº·t(HoÃ n tiá»n 10 láº§n náº¿u giao hÃ ng khÃ´ng Ä‘Ãºng mÃ´ táº£ vÃ  há»‰nh áº£nh vÃ  video) Giá»›i Thiá»‡u Sáº£n Pháº©m:  MÃ³c Inox 304...",10000,15000,,5000,33,250,,available,,1000,1000,,5063093,Jodily StarHome
162526068,6998997139077,"Äáº¥t trá»“ng cÃ¢y há»¯u cÆ¡ Soilmix, giÃ¡ thá»ƒ sáº¡ch trá»“ng sen Ä‘Ã¡, hoa há»“ng, cÃ¢y cáº£nh, chá»©a phÃ¢n bÃ³n vi sinh, trichoderma, perliteThÃ´ng tin sáº£n pháº©m: Äáº¥t trá»“ng cÃ¢y Soilmix lÃ  há»—n há»£p Ä‘áº¥t trá»“ng cÃ¢y Ä‘Æ°á»£c phá»‘i t...",49000,49000,,0,0,72,,available,,1000,1000,,520061,Monrovia
193081467,1958172956162,"1.ThÃ´ng tin sáº£n pháº©m:- TÃªn sáº£n pháº©m: Gháº¿ xoay, Gháº¿ xoay vÄƒn phÃ²ng lÃ m viá»‡c- MÃ£ sáº£n pháº©m: E49302. ThÃ´ng tin chi tiáº¿t- Sáº£n pháº©m cÃ³ báº£o hÃ nh Ä‘á»•i tráº£ 1 Ä‘á»•i 1 trong vÃ²ng 6 thÃ¡ng- Trá»ng lÆ°á»£ng: 7.6kg ...",1364000,2518200,,1154200,46,42,,available,,1000,1000,,46703,Deli
181909422,3220972593473,"Cháº£o SÃ¢u LÃ²ng Suit LocknLock CSU1225PIKÂ cÃ³ pháº§n Ion cáº£m á»©ng Ä‘Æ°á»£c phá»§ Ä‘áº§y Ä‘á»§ vÃ  rá»™ng rÃ£i dÆ°Æ¡i Ä‘Ã¡y lÃ m gia tÄƒng tÃ¡c dá»¥ng háº¥p thá»¥ nhiá»‡tSáº¢N PHáº¨M DÃ™NG ÄÆ¯á»¢C TRÃŠN Báº¾P Tá»ª, Báº¾P ÄIá»†N, Báº¾P GAS, Báº¾P Há»’NG NGOáº I...",399000,677000,,278000,41,2,,available,,1000,1000,,48077,Lock&Lock
73638934,2949572708793,"Äáº·c tÃ­nh sáº£n pháº©mCÃ´ng nÄƒng chiÃªn xÃ o tá»‘i Æ°uLÃ²ng cháº£o chá»‘ng dÃ­nh bá»n bá»‰, an toÃ nÂ Bá» máº·t lÃ²ng cháº£o phá»§ 2 lá»›p chá»‘ng dÃ­nh Xylan mÃ u Ä‘en Ã¡nh kim siÃªu bá»n cá»§a Whitford (Hoa Ká»³). ÄÃ¢y lÃ  loáº¡i chá»‘ng dÃ­nh ...",193000,450000,,257000,57,293,,available,,1000,1000,,31627,Elmich
65501191,2172549505983,"Cháº¥t liá»‡u: ThÃ©p, váº£i cotton KÃ­ch thÆ°á»›c: 135 x 35 x 80 (cm)ThÆ°Æ¡ng hiá»‡u : Lebenlang Äá»©cÄáº·c biá»‡t miá»…n phÃ­ thÃªm 1 vá» bá»c thay tháº¿Æ¯u Ä‘iá»ƒm sáº£n pháº©m:Â Khung lÃ m báº±ng thÃ©p bá»n cháº¯c, khÃ´ng rung láº¯c khi á»§...",539000,750000,,211000,28,341,,available,,1000,1000,,886169,Lebenlang
10585365,4720711540423,"Thiáº¿t káº¿ hiá»‡n Ä‘áº¡iGháº¿ xoay vÄƒn phÃ²ng Best Office TH01 405Â mang Ä‘áº¿n cho báº¡n sá»± thoáº£i mÃ¡i vÃ  thÆ° giÃ£n tá»‘i Ä‘a khi ngá»“i lÃ m viá»‡c liÃªn tá»¥c trong nhiá»u giá» liá»n. Vá»›i thiáº¿t káº¿ hiá»‡n Ä‘áº¡i cÃ¹ng mÃ u sáº¯c Ä‘áº¹p máº¯t, ...",399000,490000,,91000,19,5,,available,,1000,1000,,111461,OEM
174619828,3601803208521,"ThÃ¹ng rÃ¡c treo tá»§ báº¿p cÃ³ náº¯p Ä‘áº­y thÃ´ng minh M&L 546 lÃ  sáº£n pháº©m Ä‘Æ°á»£c mong Ä‘á»£i nháº¥t mÃ  cÄƒn báº¿p hiá»‡n Ä‘áº¡i nÃ o cÅ©ng cáº§n. ThÃ¹ng rÃ¡c treo tá»§ lÃ  sáº£n pháº©m cÃ³ thiáº¿t káº¿ Ä‘á»™t phÃ¡, cÃ³ thá»ƒ Ä‘Æ°á»£c treo gá»n gÃ ng tr...",159000,252000,,93000,37,72,,available,,1000,1000,,5718283,M&L
71206737,2301703637561,THÃ”NG TIN Sáº¢N PHáº¨M- ÄÃ¨n laser 303 cÃ´ng suáº¥t 5.000mw cÃ³ thá»ƒ phÃ¡t tia sÃ¡ng xanh/Ä‘á» (bÆ°á»›c sÃ³ng 532nm) xa hÃ ng km.- ThÃ¢n mÃ¡y: mÃ u Ä‘en- MÃ u Ä‘Ã¨n: MÃ u xanh lÃ¡ cÃ¢y/Ä‘á»- Cháº¥t liá»‡u thÃ¢n: aerometal- NÃºt...,138000,149000,,11000,7,175,,available,,1000,1000,,837721,Essesa
77662747,3506365985458,"BÃ¬nh giá»¯ nhiá»‡t Thermos sáº£n xuáº¥t táº¡i Malaysia, Ä‘áº¡t tiÃªu chuáº©n cháº¥t lÆ°á»£ng gáº¯t gao cá»§a Nháº­t Báº£n, Ä‘Æ°á»£c tin dÃ¹ng táº¡i hÆ¡n 120 quá»‘c gia trÃªn tháº¿ giá»›i. BÃ¬nh giá»¯ nhiá»‡t Thermos:- Äa dáº¡ng máº«u mÃ£, phÃ¹ há»£p nhiá»u p...",475000,650000,,175000,27,66,,available,,1000,1000,,220113,Thermos
141201958,6767841469761,"TÃ­nh NÄƒng Ná»•i Báº­t:Â - CÃ¡n Cáº§m Thuáº­n Tiá»‡n: KhÃ´ng giá»‘ng nhÆ° cá»‘c uá»‘ng nÆ°á»›c truyá»n thá»‘ng, cá»‘c giá»¯ nhiá»‡t Rinfere cÃ³ 2 lá»›p chÃ¢n khÃ´ng giÃºp tay báº¡n khÃ´ng bá»‹ nÃ³ng hay láº¡nh khi cáº§m mÃ  cÃ²n giá»¯ cÃ  phÃª, Ä‘á»“ uá»‘ng c...",299000,449000,,150000,33,54,,available,,1000,1000,,363961,Rinfere
54145105,1259816294526,Táº I SAO Báº N NÃŠN MUA Cá»Œ SILICON THAY VÃŒ LOáº I Sá»¢I CÆ¯á»šC?Â Äáº§u cá» lÃ m báº±ng Silicon má»m giÃºp tiáº¿p xÃºc vá»›i bá» máº·t men rá»™ng vÃ  sÃ¡t hÆ¡n nÃªn viá»‡c chÃ¹i nhanh vÃ  sáº¡ch hÆ¡n. Silicon cao cáº¥p khÃ¡c vá»›i cÃ¡c loáº¡i Ä‘áº§u...,109000,190000,,81000,43,1178,,available,,1000,1000,,746615,Parroti
165346784,3012392725519,"ğŸŒ¸ ThÃ´ng tin chi tiáº¿t bá»™ sáº£n pháº©m KhÄƒn sá»£i tre- Cháº¥t liá»‡u: 60% Sá»£i tre, 40% Sá»£i conton - KÃ­ch thÆ°á»›c: 35x75 cm- Trá»ng lÆ°á»£ng: 120gram- TÃ­nh nÄƒng SiÃªu tháº¥m hÃºt, nhanh khÃ´ gáº¥p 3-4 láº§n COTTON khÃ¡ng...",34900,37700,,2800,7,178,,available,,1000,1000,,111461,OEM
121396300,9916972717714,"** DÃ¢y rÃºt nhÆ°a 10cm, 15cm,25cm ,30cm MUA 10 Bá»ŠCH SIZE Báº¤T Ká»² Táº¶NG 1 Bá»ŠCH LOáº I 10 CM ( 1 Táº¤C ) , MDÃ¢y rÃºt nhá»±a lÃ  má»™t loáº¡i sá»£i Ä‘Æ°á»£c lÃ m báº±ng cháº¥t liá»‡u nhá»±a (PA Nylon 66) Æ°u Ä‘iá»ƒm cá»§a nhá»±a polime nÃ y l...",20200,21000,,800,4,150,,available,,1000,1000,,111461,OEM
163550425,6411360301815,"+ DÃ¹ng lÃ m ná»‡m tráº£i sÃ n Ä‘á»ƒ ngá»§+ LÃ m táº¥m tráº£i cho bÃ© chÆ¡i+ LÃ m má»m chiáº¿c ná»‡m cá»©ng cá»§a báº¡n+ LÃ m ná»‡m ngá»§ trÆ°a cho cÃ¡c anh/chá»‹ vÄƒn phÃ²ng+ CÃ³ thá»ƒ dá»± phÃ²ng cho khÃ¡ch, ngÆ°á»i thÃ¢n báº¡n ...",368000,600000,,232000,39,182,,available,,1000,1000,,5405899,FUKOJI
146262084,8674391888050,Ngá»§ ngon vÃ  sÃ¢u hÆ¡n vá»›i sá»± nÃ¢ng Ä‘á»¡ vÃ  thoÃ¡ng mÃ¡t tá»« Gá»‘i Memory Foam NoozVieÌ£Ì‚c daÌ€nh 8 tieÌ‚Ìng Ä‘eÌ‚Ì‰ nguÌ‰ treÌ‚n moÌ£Ì‚t chieÌ‚Ìc goÌ‚Ìi quaÌ daÌ€y hoaÌ£Ì†c quaÌ moÌ‰ng seÌƒ laÌ€m baÌ£n caÌ‰m thaÌ‚Ìy meÌ£Ì‚t moÌ‰i va...,339000,560000,,221000,39,604,,available,,1000,1000,,3797113,NOOZ
10227148,3182004464419,"Dá»¥ng Cá»¥ MÃ i Dao 3 Lá»›p Lock&Lock CKK112 (245 x 53 mm) cÃ³ thá»ƒ dÃ¹ng Ä‘á»ƒ mÃ i dao báº±ng kim loáº¡i, mÃ i bÃ©n lÆ°á»¡i dao cÃ¹n má»™t cÃ¡ch dá»… dÃ ng, nhanh chÃ³ng.Chá»‰ cáº§n Ä‘áº·t dao vÃ o rÃ£nh vÃ  kÃ©o, má»i chuyá»‡n sáº½ hoÃ n ...",165000,275000,,110000,40,429,,available,,1000,1000,,48077,Lock&Lock
76451291,3971953833717,"DÃ¢y Ä‘Ã¨n LED mini dá»… dÃ ng uá»‘n cong Ä‘á»ƒ báº¡n trang trÃ­ tiá»‡c hay quáº¥n quanh cÃ¡c váº­t dá»¥ng trong nhÃ .Nguá»“n: sá»­ dá»¥ng pin nÃºt Ã¡o CR2032 (kÃ¨m theo sáºµn), má»Ÿ lÃ  sÃ¡ng.DÃ¢y 1m cÃ³ 10 bÃ³ng led, dÃ¢y 2m cÃ³ 20 bÃ³ng, d...",12000,12000,,0,0,1,,available,,1000,1000,,111461,OEM
204557000,3136211873310,"Phá»¥ kiá»‡n dÃ¢y treo cá»• vÅ© bÃ³ng Ä‘Ã¡ cho mÃ¹a world cup 2022 diá»…n ra á»Ÿ Quatar nÄƒm nay báº¡n sáº½ khÃ´ng thá»ƒ bá» qua khi xem cÃ¡c tráº­n bÃ³ng Ä‘Ã¡ háº¥p dáº«n, ká»‹ch tÃ­nh.Äá»“ dÃ¹ng trang trÃ­ táº¡o khÃ´ng khÃ­ thÃªm sinh Ä‘á»™ng vÃ  c...",45000,45000,,0,0,0,,available,,1000,1000,,111461,OEM
108637377,5120877542552,"RÃ¹a gá»‘m trÃ¡ng men - TÆ°á»£ng gá»‘m Tiá»ƒu Quy hÆ°á»›ng háº£i nhá» nháº¯n, xinh xáº¯n dÃ¹ng trang trÃ­, decorSáº£n pháº©m táº¡o hÃ¬nh rÃ¹a hay Tiá»ƒu Kim Quy xinh xáº¯n Ä‘Æ°á»£c lÃ m thá»§ cÃ´ng tá»« gá»‘m vÃ  trÃ¡ng men.RÃ¹a gá»‘m phÃ¹ há»£p decor, t...",39000,39000,,0,0,0,,available,,1000,1000,,111461,OEM
195980111,6105404677485,BÃ¬nh giá»¯ nhiá»‡t LocknLock LHC3275Cháº¡m nháº¹ Ä‘á»ƒ má»Ÿ náº¯p dá»… dÃ ng vÃ  khÃ³a an toÃ n Ä‘á»ƒ ngÄƒn sá»± cá»‘ má»Ÿ vÃ´ Ã½Quai xÃ¡ch áº©n tiá»‡n lá»£i cÃ³ thá»ƒ mang bÃ¬nh Ä‘i má»i nÆ¡iMiá»‡ng bÃ¬nh rá»™ng dá»… thÃªm Ä‘Ã¡ viÃªn vÃ  vá»‡ sinh bÃ¬nh dá»… d...,290000,490000,,200000,41,21,,available,,1000,1000,,48077,Lock&Lock
78025846,6038023233498,KhÄƒn táº¯m Bamboo Life BL058 hÃ ng chÃ­nh hÃ£ng Ä‘Æ°á»£c lÃ m tá»« sá»£i tre thiÃªn nhiÃªn má»m máº¡i khÃ¡ng khuáº©n siÃªu tháº¥m hÃºt an toÃ n cho daÄáº·c Ä‘iá»ƒm ná»•i báº­tKhÄƒn táº¯m lÃ  má»™t váº­t dá»¥ng khÃ´ng thá»ƒ thiáº¿u Ä‘á»‘i vá»›i má»—i...,45000,59000,,14000,24,372,,available,,1000,1000,,4430657,Bamboo Life
141246639,1469211770326,Há»™p giá»¯ nhiá»‡t Ä‘á»±ng Ä‘á»“ Äƒn cÃ³ tay cáº§m Handle Food Jar LocknLock cÃ³ tay cáº§m dá»… dÃ ng Ä‘á»ƒ xÃ¡ch Ä‘i vÃ  cÃ³ thá»ƒ gáº¥p gá»n khi khÃ´ng dÃ¹ng Ä‘áº¿n.Há»™p Ä‘á»±ng nhá» tiá»‡n lá»£i Ä‘á»ƒ chá»©a Ä‘á»“ Äƒn Ä‘i kÃ¨m hoáº·c nÆ°á»›c sá»‘t.Muá»—ng Ä‘i kÃ¨...,400000,800000,,400000,50,164,,available,,1000,1000,,48077,Lock&Lock
78632653,5783851682907,"Tay xá»‹t vá»‡ sinh 2 cháº¿ Ä‘á»™ nÆ°á»›c, sáº£n pháº©m cháº¥t lÆ°á»£ng cao cá»§a Waternymph Co.:- MÃ£: ASPQ003- Cháº¥t liá»‡u: ABS, máº¡ 9 lá»›p, chá»‘ng bá»ng- Äá»™ bá»n nÃºt xáº£ nÆ°á»›c: 10.000 láº§n- Äá»™ bá»n ren xoay chuyá»ƒn cháº¿ Ä‘áº¿ Ä‘á»™: 50.000 ...",86000,129000,,43000,33,271,,available,,1000,1000,,709163,Waternymph
122911188,1973198437145,Â Â Â GÄƒng tay cao su Parroti Active Ä‘Æ°á»£c lÃ m tá»« Nitrile (lÃ m gÄƒng tay y táº¿) vá»«a cÃ³ tÃ­nh cháº¥t an toÃ n vá»›i ngÆ°á»i dÃ¹ng vá»«a cÃ³ tÃ­nh siÃªu dai vÃ  bá»n. KhÃ¡c vá»›i loáº¡i thÃ´ng thÆ°á»ng cÃ³ mÃ¹i hÃ´i cá»§a nhá»±a vÃ  ...,49000,89000,,40000,45,393,,available,,1000,1000,,746615,Parroti
195791851,7153884638640,"Cháº¥t liá»‡u cao cáº¥p, kiá»ƒu dÃ¡ng báº¯t máº¯tChaÌ‰o Inox 3 lÆ¡Ìp Ultra Titanium Sunhouse STIMÂ Ä‘Æ°á»£c thiáº¿t káº¿ Ä‘áº¹p máº¯t vá»›i máº·t ngoÃ i inox sang trá»ng, háº¡n cháº¿ tráº§y xÆ°á»›c vÃ  chá»‘ng bÃ¡m báº©n. Thiáº¿t káº¿ cháº£o sÃ¢u lÃ²ng linh...",511000,830000,,319000,38,10,,available,,1000,1000,,41048,Sunhouse
119203295,3693537238951,"Combo 5 KhÄƒn lau báº¿p lau kÃ­nh siÃªu tháº¥m hÃºt Parroti Fiber FB02Combo 5 KhÄƒn lau báº¿p lau kÃ­nh siÃªu tháº¥m hÃºt Parroti Fiber FB02 Ä‘Æ°á»£c lÃ m tá»« sá»£i Microfiber, cÃ³ tÃ­nh cháº¥t hÃºt nÆ°á»›c cá»±c cao, khÃ´ng Ä‘á»ƒ láº¡i v...",49000,89000,,40000,45,304,,available,,1000,1000,,746615,Parroti
73116895,9944718394956,...,174000,174000,,0,0,6,,available,,1000,1000,,111461,OEM
149617968,5120131025473,M&L â€“ lÃ  thÆ°Æ¡ng hiá»‡u chuyÃªn phÃ¢n phá»‘i nhá»¯ng sáº£n pháº©m Ä‘á»“ gia dá»¥ng thÃ´ng minh â€“ sang trá»ng â€“ tiá»‡n dá»¥ng. M&L luÃ´n theo xu hÆ°á»›ng SMART LIFE Ä‘Æ°á»£c nhiá»u báº¡n tráº» vÃ  cÃ¡c gia Ä‘Ã¬nh hiá»‡n Ä‘áº¡i lá»±a chá»n. M&...,329000,516000,,187000,36,80,,available,,1000,1000,,262521,M&L
113224438,1069772000400,"Ruá»™t gá»‘i náº±m Microfiber LIDACO gá»‘i bÃ´ng háº¡t 3d khÃ´ng xáº¹p lÃºnï¸ Sáº£n pháº©m ruá»™t gá»‘i náº±m Microfiber LIDACO Ä‘Æ°á»£c sáº£n xuáº¥t trÃªn dÃ¢y chuyá»n cÃ´ng nghá»‡ hiá»‡n Ä‘áº¡i, kÄ© thuáº­t tiÃªn tiáº¿n Ä‘áº£m báº£o tá»«ng Ä‘Æ°á»ng kim mÅ©i c...",85000,125000,,40000,32,220,,available,,1000,1000,,697923,LIDACO
787867,1705844010626,"Bá»™ TÃºi Há»™p CÆ¡m Thá»§y Tinh Chá»‹u Nhiá»‡t 4EA Lock&Lock LLG821BS3Â cÃ³ thiáº¿t káº¿ gá»n nháº¹, thÃ­ch há»£p dÃ¹ng Ä‘á»ƒ Ä‘á»±ng thá»©c Äƒn Ä‘i há»c, Ä‘i lÃ m hay dÃ£ ngoáº¡Thá»‘ dáº¡ng...",320000,636000,,316000,50,1045,,available,,1000,1000,,48077,Lock&Lock
33067171,4872857223507,"Ão mÆ°a dÃ¢y kÃ©o váº£i dÃ¹ tá»• ong chá»‘ng tháº¥m nhiá»u mÃ u,cháº¥t váº£i dÃ¹ siÃªu nháº¹ ,thÃ­ch há»£p cho cáº£ nam vÃ  ná»¯.Kiá»ƒu dÃ¡ng nhá» gá»n, mÃ u sáº¯c tÆ°Æ¡i sÃ¡ng, gá»n nháº¹, dá»… dÃ ng gáº¥p gá»n báº£o quáº£n.Thiáº¿t káº¿ to, rá»™ng mÃ  khÃ´ng náº·...",119000,119000,,0,0,485,,available,,1000,1000,,111461,OEM
71342375,1905798381616,"Giao MÃ u - Máº«u ngáº«u nhiÃªn, bao bÃ¬ máº«u mÃ£ cÃ³ thá»ƒ thay Ä‘á»•i theo tá»«ng Ä‘á»£t sáº£n xuáº¥t.Â Quáº§n Ã¡o di mÆ°a dÃ nh cho tráº» em giÃºp báº£o vá»‡ cÃ¡c bÃ© tá»‘t nháº¥t trong nhá»¯ng ngÃ y mÆ°a.Â  Â  Â  Â  Â  Â  Â  Â  Â  Â  Â  Giá»¯ áº¥m cho cÆ¡...",90000,90000,,0,0,46,,available,,1000,1000,,837855,XUDI
116811832,4916640823555,Cá»‘c Giá»¯ Nhiá»‡t Coffeeholic Inox 304 Dung TÃ­ch 510ml Cao Cáº¥p Kiá»ƒu DÃ¡ng HÃ n Quá»‘c Cáº§m Tay Sang Trá»ng BNG07ThÃ´ng tin sáº£n pháº©m Cá»‘c giá»¯ nhiá»‡t Coffee Holic: ï¸ Cháº¥t liá»‡u: lÃµi inox 304 an toÃ nï¸ Náº¯p lÃ m báº±ng...,150000,270000,,120000,44,370,,available,,1000,1000,,892751,TAKIHA
87302519,3585139718987,Tá»« lÃ¢u gá»‘i tá»±a lÆ°ng Ä‘Ã£ trá»Ÿ thÃ nh váº­t dá»¥ng thÃ¢n thiáº¿t vá»›i nhiá»u gia Ä‘Ã¬nh.gá»‘i vuÃ´ng trang trÃ­ cho sofa thÃªm xinh .gá»‘i tá»±a lÆ°ng cÃ²n báº£o vá»‡ trá»n váº¹n khung xÆ°Æ¡ng cá»§a báº¡n.Äáº·c tÃ­nh sáº£n pháº©mNgoÃ i kÃ­ch thÆ°á»›c v...,75000,75000,,0,0,20,,available,,1000,1000,,111461,OEM
195852183,6345258326968,BÃ¬nh giá»¯ nhiá»‡t báº±ng thÃ©p khÃ´ng gá»‰ LocknLock Jumbo Tumbler LHC4300 cÃ³:Dung tÃ­ch bÃ¬nh lÆ¡n (900 ml) Quai xÃ¡ch chá»‘ng trÆ°á»£t Miá»‡ng bÃ¬nh rá»™ng dá»… dÃ ng cho Ä‘Ã¡ vÃ o vÃ  dá»… dÃ ng chÃ¹i rá»­a CÃ³ khay lá»c ngÄƒn Ä‘Ã¡ ho...,430000,730000,,300000,41,37,,available,,1000,1000,,48077,Lock&Lock
117353723,8574020376721,"Chiáº¿u ngá»§ vÄƒn phÃ²ng cao cáº¥p Cháº¥t liá»‡u nhá»±a 2 lá»›p: lá»›p mÃºt vÃ  lá»›p báº¡c Ãªm Ã¡i Gá»n nháº¹, dá»… dÃ ng mang theo khi Ä‘i dÃ£ ngoáº¡i, vÄƒn phÃ²ng Xáº¿p gá»n vÃ  vá»‡ sinh dá»… dÃ ng Cho giáº¥c ngá»§ trÆ°a ngon, khÃ´ng nÃ³ng bá»©cÂ Â ...",40000,40000,,0,0,263,,available,,1000,1000,,293033,Krishna
3927949,5261973592625,"THÃ”NG TIN Sáº¢N PHáº¨MTÃªn mÃ¡y: MÃ¡y sáº¡c pin Energizer Recharge kÃ¨m 2 pin TRAY Energizer AA 2000mAhXuáº¥t xá»©: ChÃ­nh hÃ£ng EnergizerNhÃ  sáº£n xuáº¥t: Shenzhen Highpower Technology CO., LTD.Sáº¡c pin: Sáº¡c 2-4 pin ...",430000,460000,,30000,7,186,,available,,1000,1000,,19312,Energizer
199121470,7655860191190, ÄÃ³ng gÃ³i:  1 dÃ¢y Ä‘Ã¨n led ruy bÄƒngï¸ TÃ­nh nÄƒng DÃ¢y ruy bÄƒng gá»“m má»™t dáº£i lá»¥a bÃªn trong cÃ³ dÃ¢y Ä‘Ã¨n led Ä‘om Ä‘Ã³m phÃ¹ há»£p Ä‘á»ƒ trang trÃ­ cÃ¡c mÃ³n quÃ  hoáº·c quáº¥n quanh cÃ¢y thÃ´ng Noel. Sá»­ dá»¥ng Ä‘Ã¨n Led khÃ´ng tá»a ...,40000,40000,,0,0,0,,available,,1000,1000,,5706641,NAVIVU
120481094,5748281392170,"CÃ”NG Dá»¤NG Cá»¦A Gá»I KÃŠ Cá»” CAO SU NON EMANÃ¢ng Ä‘á»¡ cá»•, giáº£m Ã¡p lá»±c lÃªn vÃ¹ng cá»• vai gÃ¡y tá»« Ä‘Ã³ giáº£m Ä‘au má»i má»—i khi pháº£i ngá»“i lÃ¢uTáº¡o cáº£m giÃ¡c thu giÃ£n thoáº£i mÃ¡i Ã´m trá»n cá»• nhÆ° Ä‘ang Ä‘Æ°á»£c massageÄIá»‚M Ná»”I ...",168300,340000,,171700,51,51,,available,,1000,1000,,3955813,Ema
195791850,3305914892920,"Cháº¥t liá»‡u cao cáº¥p, kiá»ƒu dÃ¡ng báº¯t máº¯tCháº£o chá»‘ng dÃ­nh Ultra titanium Sunhouse STB Ä‘Æ°á»£c thiáº¿t káº¿ Ä‘áº¹p máº¯t vá»›i máº·t ngoÃ i mÃ u Ä‘en nhÅ© sang trá»ng vÃ  tinh táº¿, cÃ³ kháº£ nÄƒng háº¡n cháº¿ tráº§y xÆ°á»›c vÃ  bÃ¡m báº©n. Thiáº¿t ...",415000,560000,,145000,26,13,,available,,1000,1000,,41048,Sunhouse
141143706,4370540957706,TÃ­nh NÄƒng Ná»•i Báº­t:Â - Váº­t Liá»‡u Cao Cáº¥p: Ly giá»¯ nhiá»‡t Ä‘Æ°á»£c lÃ m tá»« thÃ©p thá»±c pháº©m 18/8 vÃ  thÃ©p khÃ´ng gá»‰ 304 giÃºp giá»¯ nhiá»‡t Ä‘á»™ cá»§a Ä‘á»“ uá»‘ng lÃ¢u hÆ¡n vÃ  giá»¯ trá»n váº¹n hÆ°Æ¡ng vá»‹ Ä‘á»“ uá»‘ng.- Thiáº¿t káº¿ 2 vÃ¡ch chÃ¢n...,249000,349000,,100000,29,71,,available,,1000,1000,,363961,Rinfere
104681142,4156275362497,Â Â Â Â Â Â *ThÃ´ng sá»‘ ká»¹ t...,79000,99000,,20000,20,209,,available,,1000,1000,,3807547,MyJae
162238988,7410272132036,"MÃ¹ng Chá»¥p/MÃ n Chá»¥p Tá»± Bung KhÃ´ng ÄÃ¡y Chá»‘ng Muá»—i GiÃ¡ Ráº» ThÆ°Æ¡ng Hiá»‡u miDoctor (Sáº£n Xuáº¥t 100% Táº¡i Viá»‡t NamÂ MÃ¹ng Chá»¥p, MÃ n Chá»¥p Tá»± Bung KhÃ´ng ÄÃ¡y Chá»‘ng Muá»—i Cao Cáº¥p ThÆ°Æ¡ng Hiá»‡u miDoctor - HÃ ng ChÃ­nh H...",145000,230000,,85000,37,74,,available,,1000,1000,,245945,miDoctor
180378151,6517783474104,BÃ¬nh giá»¯ nhiá»‡t LocknLock Metro Drive LHC4277S cÃ³ miáº¿ng lÃ³t tay chá»‘ng trÆ°á»£t giÃºp cáº§m náº¯m cháº¯c cháº¯n trong lÃºc Ä‘iá»u khiá»ƒn xe.Thiáº¿t káº¿ pháº§n Ä‘Ã¡y thon gá»n hoÃ n toÃ n khÃ­t vá»›i chá»— giá»¯ cá»‘c trÃªn xe Ã´ tÃ´. Giá»¯ ...,290000,579000,,289000,50,128,,available,,1000,1000,,48077,Lock&Lock
88222310,9286377966406,"KhÄƒn tráº£i bÃ n nhá»±a PVC khÃ´ng tháº¥m nÆ°á»›c lÃ  váº­t dá»¥ng khÃ´ng thá»ƒ thiáº¿u trong gian báº¿p cá»§a báº¡n.Hoa vÄƒn Ä‘á»™c Ä‘Ã¡o, hiá»‡n Ä‘áº¡i giÃºp cho gian báº¿p cá»§a báº¡n trá»Ÿ nÃªn sang trá»ng hÆ¡n.HoÃ n toÃ n khÃ´ng mÃ¹i vá»‹ vÃ  khÃ´ng t...",35000,35000,,0,0,221,,available,,1000,1000,,4401579,SHOFUKA
59273521,3572255983751,"KhÄƒn táº¯m siÃªu tháº¥m chÃ­nh hÃ£ng Funu.- ÄÆ°á»£c thiáº¿t káº¿ chuyÃªn dá»¥ng cho vá»‡ sinh cÆ¡ thá»ƒ.- SiÃªu tháº¥m hÃºt nhanh, khá»­ mÃ¹i, khÃ¡ng khuáº©n, má»m máº¡i.- LÃ  sáº£n pháº©m tiá»‡n Ã­ch cáº§n thiáº¿t cho gia Ä‘Ã¬nh báº¡n.- Cháº¥t liá»‡u...",82000,99000,,17000,17,36,,available,,1000,1000,,839837,FuNu
35058677,5751695460376,"THÃ”NG Sá» KÄ¨ THUáº¬THiá»‡u Ä‘iá»‡n tháº¿ : 3 VÄáº·c TÃ­nh : Pin LithiumKÃ­ch thÆ°á»›c : 16 x 3,2 mmDÃ¹ng Phá»• Biáº¿n cho Remote Ã´ tÃ´ , xe mÃ¡y , cÃ¢n Ä‘iá»‡n tá»­ , Ä‘á»“ng há»“ , mÃ¡y Ä‘o kÄ© thuáº­t Vá»›i cÃ´ng nghá»‡ vÆ°á»£t trá»™i . Pin Pa...",82000,82000,,0,0,190,,available,,1000,1000,,18804,Panasonic
118898224,4791154451286,TiÃªu chuáº©n Ä‘á»ƒ cÃ³ má»™t ly cÃ  phÃª tuyá»‡t háº£oPhin cÃ  phÃª lÃ  má»™t váº­t dá»¥ng khÃ´ng thá»ƒ thiáº¿u Ä‘á»‘i vá»›i nhá»¯ng ngÆ°á»i yÃªu â€“ Ä‘am mÃª cÃ  phÃª. NhÆ°ng báº¡n cÃ³ biáº¿t Ä‘Ã¢u má»›i lÃ  má»™t chiáº¿c phin tá»‘t nháº¥t Ä‘á»ƒ cho ra nhá»¯ng ly cÃ ...,75000,75000,,0,0,60,,available,,1000,1000,,517665,Trung NguyÃªn Legend
70820849,1743485832108,Pin CR2032 Energizer 3VÂ chÃ­nh hÃ£ngÂ  â€¢ Loáº¡i pin: PinÂ Lithium.Â  â€¢ HÃ£ng:Â EnergizerÂ (USA).Â  â€¢ Model:Â Energizer CR2032.Â  â€¢ Äiá»‡n tháº¿: 3V.Â  â€¢ KÃ­ch thÆ°á»›c:Â Pin CR2032/Â Pin cÃºc Ã¡o/Â Pin Ä‘á»“ng xu/Â 5004LC/Â BR2032/...,59000,59000,,0,0,204,,available,,1000,1000,,19312,Energizer
67937873,6196849408474,"Táº¥m báº£o vá»‡ Everon white sáº£n pháº©m sáº£n xuáº¥t tá»« váº£i TC cao cáº¥p Ä‘Æ°á»£c cháº§n thÃªm lá»›p bÃ´ng cao cáº¥p micro.Táº¥m báº£o vá»‡ báº£o vá»‡ Ä‘á»‡m sáº¡ch hÆ¡n,dá»… dÃ ng vá»‡ sinh thay thÃ¡o, giÃºp giá»¯ nhiá»‡t tá»‘t khi thá»i tiáº¿t giÃ¡ láº¡nh ...",325000,370000,,45000,12,97,,available,,1000,1000,,148559,Everon
7635008,4685277957415,Giá»›i thiá»‡u cuá»™n tÃºi hÃºt chÃ¢n khÃ´ng thá»±c pháº©m dÃ¹ngÂ cho mÃ¡y hÃºt chÃ¢n khÃ´ngTÃºi PA/PE hÃºt chÃ¢n khÃ´ngÂ lÃ  cÃ¡c tÃºi dÃ¹ng Ä‘á»ƒ báº£o quáº£n thá»±c pháº©m bÃªn trong vÃ  Ä‘Æ°á»£c xá»­ lÃ½ theo cÃ´ng nghá»‡ rÃºt chÃ¢n khÃ´ng báº±ng mÃ¡y h...,60000,60000,,0,0,148,,available,,1000,1000,,111461,OEM
199036961,7444608346707,"Giá»›i thiá»‡u sáº£n pháº©mCháº£o chiÃªn Tefal Primary 20cmÂ ÄÃ¡y báº±ng thÃ©p khÃ´ng gá»‰ gia cá»‘ giÃºp táº£n nhiá»‡t cá»±c tá»‘t. (TÆ°Æ¡ng thÃ­ch vá»›i táº¥t cáº£ cÃ¡c loáº¡i báº¿p, ká»ƒ cáº£ báº¿p tá»«)Lá»›p phá»§ chá»‘ng dÃ­nh Titanium bá»n vÆ°á»£t tr...",264000,479000,,215000,45,44,,available,,1000,1000,,19813,Tefal
1575707,7303576945731,"BÃ¬nh Giá»¯ Nhiá»‡t Lock&Lock New Basic Table LHC4026 lÃ  sáº£n pháº©m Ä‘Æ°á»£c thiáº¿t káº¿ vá»›i kiá»ƒu dÃ¡ng nhá» gá»n káº¿t há»£p vá»›i mÃ u sáº¯c sang trá»ng, tiá»‡n lá»£i cho báº¡n mang theo Ä‘áº¿n vÄƒn phÃ²ng, trÆ°á»ng há»c hay Ä‘i dÃ£ ng...",212000,424000,,212000,50,1282,,available,,1000,1000,,48077,Lock&Lock
75614459,7699746662899,"Â Â ThÃ¹ng rÃ¡c treo tá»§ Parroti Bin lÃ  má»™t sáº£n pháº©m Ä‘á»™t phÃ¡ cá»§a hÃ£ng, thÃ¹ng rÃ¡c cÃ³ thá»ƒ Ä‘Æ°á»£c treo gá»n gÃ ng trÆ°á»›c cá»­a tá»§ báº¿p báº±ng thanh ray hoáº·c miáº¿ng dÃ¡n tÆ°á»ng, ráº¥t thuáº­n tiá»‡n cho viá»‡c di chuyá»ƒn nhi...",169000,299000,,130000,43,1808,,available,,1000,1000,,746615,Parroti
2151853,7734857940839,"Ly Giá»¯ Nhiá»‡t Lock&Lock Swing Tumbler - Báº¡cÂ lÃ  má»™t trong sá»‘ nhá»¯ng loáº¡i ly giá»¯ nhiá»‡t Ä‘Æ°á»£c nhiá»u ngÆ°á»i yÃªu thÃ­ch vÃ  tin dÃ¹ng bá»Ÿi kháº£ nÄƒng giá»¯ nhiá»‡t tá»‘t, ráº¥t thÃ­ch há»£p cho nhá»¯ng chuyáº¿n dÃ£ ngoáº¡i, ...",321000,495000,,174000,35,1581,,available,,1000,1000,,48077,Lock&Lock
84469399,3109907924663,"MÃ´ táº£ sáº£n Pháº©mâœª Chá»‰ cáº§n cáº¯m vÃ o cá»•ng Usb cá»§a mÃ¡y tÃ­nh hoáº·c sáº¡c dá»± phÃ²ng Ä‘á»ƒ sá»­ dá»¥ng.âœª Äá»™ sÃ¡ng máº¡nh, thÃ­ch há»£p Ä‘á»ƒ Ä‘á»c sÃ¡ch, lÃ m viá»‡c ban Ä‘Ãªm hoáº·c dÃ¹ng khi cÃºp Ä‘iá»‡n, Ä‘i cáº¯m tráº¡i.âœª Äá»™ bá»n bÃ³ng led dÃ i lÃ¢u...",19900,19900,,0,0,0,,available,,1000,1000,,111461,OEM
75340681,9492807829235,"Há»™p Äá»±ng Äá»“ Äa NÄƒng Sang Trá»ng, Lá»‹ch Sá»±TÃºi Váº£i Äá»±ng Quáº§n Ão ChÄƒn MÃ n Phong CÃ¡ch Thá»¥y Äiá»ƒnHÃ ng ChÃ­nh HÃ£ng miDoctorÂ Â  Â  Â  Â  Â  Â  Â  Sau sá»± thÃ nh cÃ´ng cá»§a cÃ¡c dÃ²ng sáº£n pháº©m nhÆ°: TÃºi Váº£i Äá»±ng ChÄƒn MÃ n, ...",77000,110000,,33000,30,686,,available,,1000,1000,,245945,miDoctor
197412247,3911525882066,"Sáº£n pháº©m cá»§a cÃ´ng ty Roichen HÃ n Quá»‘c - Sáº£n xuáº¥t táº¡i HÃ n Quá»‘c CÃ´ng ty Ä‘Ã£ nháº­n Ä‘Æ°á»£c ráº¥t nhiá»u giáº£i thÆ°á»Ÿng nhÆ° Red Award, Design Award, Sáº£n pháº©m Ä‘Æ°á»£c ngÆ°á»i tiÃªu dÃ¹ng bÃ¬nh chá»n: 2011-2019 táº¡i HÃ n Quá»‘c.Ä...",808000,898000,,90000,10,34,,available,,1000,1000,,5465099,Roichen
23476097,7626958315107,Â Â Â ...,63000,64900,,1900,3,55,,available,,1000,1000,,111461,OEM
54133235,8773785239287,"Dung lÆ°á»£ng: 2000mAhTuá»•i thá» cao vÃ  thá»i gian chá» lÃªn Ä‘áº¿n 1 nÄƒmThiáº¿t káº¿ Ä‘á»ƒ Ä‘áº£m báº£o thá»i lÆ°á»£ng pin dÃ i nháº¥tÄáº¡t hiá»‡u suáº¥t cao vÃ  an toÃ n cho má»i thiáº¿t bá»‹Pin tÆ°Æ¡ng thÃ­ch vá»›i má»i loáº¡i mÃ¡y áº£nh, Ä‘Ã¨n flash, t...",158500,235000,,76500,33,141,,available,,1000,1000,,19312,Energizer
152700947,2328297621872,"ThÆ°Æ¡ng hiá»‡u : MyJaeTÃªn sáº£n pháº©m : Bá»™ lau nhÃ  thÃ´ng mÃ¬nh xoay 360 Ä‘á»™ lau sáº¡ch khÃ´ nhanh MyJaeMÃ u sáº¯c : Tráº¯ng, Xanh lÃ¡Cháº¥t liá»‡u : ThÃ©p khÃ´ng gá»‰, nhá»±a, sá»£i microfiberBÃ´ng lau sá»£i nhá» thá»§ cÃ´n...",299000,690000,,391000,57,60,,available,,1000,1000,,3807547,MyJae
181410158,6881043604407,BÃ n Há»c IGA BÃ n LÃ m Viá»‡c Gá»— Decor Phong CÃ¡ch Gaming Tráº» Trung - GM62 cá»©ng cÃ¡p vá»›i 4 chÃ¢n Ä‘Æ°á»£c lÃ m báº±ng á»‘ng sáº¯t trÃ²n Ä‘Æ°á»£c sÆ¡n tÄ©nh Ä‘iá»‡n vá»›i Ä‘Æ°á»ng kÃ­nh 50 mm trá»¥ 4 gÃ³c bÃ n.Â Máº·tÂ bÃ n lÃ m viá»‡cÂ lÃ m báº±ng vÃ¡...,328000,328000,,0,0,112,,available,,1000,1000,,523789,IGA
119112667,9704313662079,"Combo 2 Miáº¿ng Lau NhÃ  Parroti ProMAX PAD-PX01 - KÃ­ch ThÆ°á»›c 38 x12 CMLÆ°u Ã½: Miáº¿ng lau nÃ y chá»‰ dÃ¹ng Ä‘Æ°á»£c cho CÃ¢y lau nhÃ  Parroti ProMAX- CHáº¤T LIá»†U MICRIFIBER: SiÃªu bá»n, hÃºt nÆ°á»›c tá»‘t, lau cá»±c sáº¡ch má»i ...",79000,145000,,66000,46,96,,available,,1000,1000,,746615,Parroti
182478500,2655658248234,"       Gá»‘i Tá»±a LÆ°ng | Gá»‘i Tá»±a Sofa, Gá»‘i VuÃ´ng Trang TrÃ­ In Hoáº¡t Tiáº¿t Hoa LÃ¡ Hiá»‡n Äáº¡i KÃ­ch ThÆ°á»›c 45x45cm   * Äáº·c Ä‘iá»ƒm sáº£n pháº©m:   - Lá»±a chá»n cÃ¡c loáº¡i váº£i cháº¥t lÆ°á»£ng cao, mÃ u sáº¯c tÆ°Æ¡i sÃ¡ng, cáº£m th...",33000,33000,,0,0,0,,available,,1000,1000,,111461,OEM
204636320,6901560713600,"Ká»‡ NhÃ  Báº¿p ChÃ­nh HÃ£ng ASWEI - GiÃ¡ Dáº¯t Dao KÃ©o NhÃ  Báº¿pDá»¥ng Cá»¥ NhÃ  Báº¿p ChÃ­nh HÃ£ng ASWEI - GiÃ¡ Dáº¯t Dao Treo TÆ°á»ng<img style=""margin-left:auto;margin-right:auto;"" src=""https://salt.tikicdn.com/ts/tmp/...",95000,183000,,88000,48,28,,available,,1000,1000,,7270983,Aswei
119030223,6424158958424,"TÃNH NÄ‚NG Sáº¢N PHáº¨M:ï¸Chá»‰ cáº§n 1 lá»›p keo má»ng Ä‘Ã£ táº¡o Ä‘Æ°á»£c má»‘i ná»‘i trong suá»‘t siÃªu cháº¯c vÃ  tá»± nhiÃªn, khÃ´ng tÃ¬ váº¿t.ï¸Bá» máº·t keo nháºµn má»‹n ngay sau khi khÃ´.ï¸Keo dÃ­nh cá»±c máº¡nh, dÃ­nh cháº¯c vÃ  siÃªu bá»n.ï¸PhÃ¹ há»£p v...",17000,32400,,15400,48,187,,available,,1000,1000,,46703,Deli
57867024,5400823422204,"Bá»™ Lau NhÃ  Xoay 360 Äá»™ Sunhouse Ks-Cl350PO Ä‘Æ°á»£c thiáº¿t káº¿ tiá»‡n dá»¥ng vá»›i thÃ¹ng váº¯t lÃ m báº±ng nhá»±a nguyÃªn sinh PP siÃªu bá»n vá»›i mÃ u cam báº¯t máº¯t. KÃ­ch thÆ°á»›c phÃ¹ há»£p giÃºp báº¡n thoáº£i mÃ¡i giáº·t, váº¯t mÃ  khÃ´ng lo ...",336000,518000,,182000,35,1137,,available,,1000,1000,,41048,Sunhouse
25412653,6898029781802,"CÃ‚Y LÄ‚N Bá»¤I QUáº¦N ÃOMUA 1 ÄÆ¯á»¢C 3Äiá»ƒm danh táº¥t cáº£ mn cÃ³ chung ná»—i khá»• mÃ¹a Ä‘Ã´ng quáº§n Ã¡o cá»© dÃ­nh lÃ´ng, bá»¥i báº©n táº£ tÆ¡i Em Ä‘Ã£ thá»­ ráº¥t nhiá»u loáº¡i nhÆ°ng ko cÃ¡i nÃ o nhanh- gá»n -tiá»‡n báº±ng cÃ¢y lÄƒn bá»¥i nÃ y mn ...",45000,45000,,0,0,20,,available,,1000,1000,,111461,OEM
55365176,5408782531210,"TÃºi zip cÃ³ Ä‘áº·c Ä‘iá»ƒm lÃ  dai, bá»n, Ä‘Æ°á»£c thiáº¿t káº¿ cÃ³ khÃ³a miáº¿t do váº­y ta cÃ³ thá»ƒ dÃ¡n kÃ­n miá»‡ng tÃºi mÃ  khÃ´ng cáº§n dÃ¹ng chun hay dÃ¢y Ä‘á»ƒ buá»™c tÃºiTÃºi zip Ä‘Æ°á»£c dÃ¹ng Ä‘á»ƒ Ä‘á»±ng ráº¥t nhiá»u loáº¡i Ä‘á»“ dÃ¹ng khÃ¡c nhau nh...",52000,52000,,0,0,226,,available,,1000,1000,,7304105,TÃºi ni lÃ´ng tá»± phÃ¢n há»§y sinh há»c GIMEX II
